,YEAR,WEEK,Region 1,Region 2,Region 3,Region 4,Region 5,Region 6,Region 7,Region 8,Region 9,Region 10,Georgia,Hawaii,Idaho,Illinois,Indiana,Iowa,Kansas,Kentucky,Louisiana,Maine,Maryland,Massachusetts,Michigan,Minnesota,Mississippi,Missouri,Montana,Nebraska,Nevada,New Hampshire,New Jersey,New Mexico,New York,New York City,North Carolina,North Dakota,Ohio,Oklahoma,Oregon,Pennsylvania,Puerto Rico,Rhode Island,South Carolina,South Dakota,Tennessee,Texas,Utah,Vermont,Virgin Islands,Virginia,Washington,West Virginia,Wisconsin,Wyoming
0,2020,40,408,54,107,180,488,226,407,21,100,2746,1091,26,133,590,481,90,114,141,862,65,334,431,59,207,164,302,70,114,49,13,360,168,406,739,747,60,107,44,451,477,84,39,126,69,430,565,190,29,0,817,112,168,166,34
1,2020,41,435,24,160,189,676,342,466,15,129,3307,1226,25,149,739,544,114,141,332,339,91,408,488,70,256,206,346,96,130,33,12,402,231,458,739,935,55,97,56,536,562,107,74,151,51,453,751,266,31,0,977,140,350,205,24
2,2020,42,464,27,140,171,650,297,470,45,123,3214,1044,12,130,641,554,100,113,317,235,69,373,369,42,205,186,250,83,111,46,3,397,299,408,620,798,63,109,104,452,488,59,76,198,40,437,745,199,30,0,814,88,115,179,25
3,2020,43,500,30,130,204,642,326,476,62,109,3174,1109,27,156,739,588,109,156,454,264,84,363,401,22,130,254,254,61,96,83,12,451,334,401,669,852,76,137,128,448,572,102,64,175,49,480,614,240,42,0,863,96,119,177,24
4,2020,44,404,25,125,170,729,409,549,50,99,3206,1026,15,147,874,641,135,131,438,329,82,462,437,78,208,149,271,63,149,75,12,442,345,389,623,739,77,161,141,443,555,100,60,145,72,428,720,241,31,4,802,137,186,186,35
5,2020,45,535,28,188,232,853,410,545,72,122,3314,1209,22,202,1138,738,289,208,439,361,86,499,547,95,270,226,312,63,168,139,8,605,404,476,680,727,72,135,190,544,631,111,100,189,62,487,905,258,34,1,934,129,141,200,25
6,2020,46,507,37,195,235,871,369,581,59,139,3414,1265,15,181,1122,856,49,209,516,324,108,649,584,85,246,224,365,62,152,118,8,725,426,562,751,812,75,206,155,586,846,101,99,200,84,569,1038,235,36,0,1021,151,116,201,48
7,2020,47,573,34,244,207,1084,351,545,74,131,3541,1431,14,130,1003,805,77,202,395,371,71,644,562,86,195,264,351,50,135,117,4,747,498,577,596,855,62,200,145,570,839,142,72,228,47,566,936,237,39,4,1204,160,125,141,23
8,2020,48,515,30,201,169,1125,201,438,96,104,3513,1324,8,166,772,697,31,141,463,335,65,631,600,80,119,191,334,52,134,138,1,790,344,539,613,820,46,118,121,474,971,116,95,192,30,576,801,202,31,6,1360,146,110,117,21
9,2020,49,603,17,274,180,1237,240,538,79,146,3777,1451,9,135,689,593,49,156,470,372,56,612,641,59,110,255,325,57,123,174,3,753,317,589,624,932,43,174,159,425,956,107,76,187,45,670,794,184,26,5,1355,119,136,109,35
10,2020,50,638,23,235,175,1337,216,537,77,152,3539,1586,18,115,663,580,38,133,348,390,52,554,590,73,88,248,311,54,107,70,2,665,657,747,704,968,29,164,181,421,847,101,63,229,53,597,834,189,19,5,1270,123,138,111,38
11,2020,51,592,17,205,154,1267,177,377,70,147,3964,1724,8,103,577,462,50,136,311,354,59,464,548,39,52,266,278,47,87,140,6,594,527,614,667,906,37,176,110,355,621,113,53,230,38,554,638,186,34,6,1365,142,109,90,27
12,2020,52,532,25,188,184,1070,142,393,60,108,3809,1486,8,80,470,430,20,99,282,358,54,463,552,37,32,282,307,51,102,135,2,569,504,638,708,827,27,143,130,306,605,89,44,220,37,485,722,170,24,24,1525,124,75,63,15
13,2020,53,664,15,219,183,1070,131,348,85,103,4767,1992,11,99,533,475,14,94,407,475,55,507,571,40,41,142,320,27,100,149,3,560,299,774,724,1058,25,103,171,307,570,109,50,259,42,584,739,208,33,2,1869,128,72,79,16
14,2021,1,616,27,197,150,1131,178,393,72,115,4695,1931,5,95,543,464,18,88,411,452,54,471,563,86,93,218,265,38,102,139,3,636,297,816,819,988,26,176,170,334,564,95,72,265,28,518,872,192,30,1,1861,89,126,92,28
15,2021,2,502,16,172,148,975,158,369,63,122,3965,1713,13,81,501,417,20,81,416,329,55,432,421,40,64,132,235,40,91,96,1,539,252,535,808,802,34,177,120,265,399,90,49,223,33,427,539,165,21,3,1526,130,92,85,33
16,2021,3,438,23,180,147,760,192,253,53,139,4033,1550,11,63,457,399,13,70,379,364,56,414,400,47,67,108,260,35,99,89,0,564,255,647,804,725,37,113,198,239,389,100,57,208,48,349,766,162,17,3,1285,99,71,87,26
17,2021,4,515,14,100,162,665,230,232,28,142,3885,1363,8,78,420,354,18,57,295,306,39,367,398,66,104,230,268,29,63,108,10,540,221,499,752,618,28,97,116,265,342,13,56,189,40,331,594,155,22,1,1167,88,114,76,16
18,2021,5,521,9,87,141,646,225,183,30,98,3632,1237,10,83,425,348,21,75,258,286,44,321,298,42,119,179,216,24,95,67,2,472,172,447,691,516,26,87,97,226,339,99,37,188,23,352,1196,161,22,5,957,90,85,72,14
19,2021,6,482,14,80,150,536,245,176,31,135,3582,1153,6,66,309,364,35,48,188,279,12,285,280,58,94,78,181,31,53,62,5,398,198,447,756,485,31,84,15,187,309,89,27,178,41,317,183,149,22,16,847,89,82,81,30
20,2021,7,320,5,73,80,455,242,156,50,73,3502,964,4,68,276,312,23,54,126,255,36,305,262,45,119,127,129,24,87,25,0,399,187,368,653,442,22,91,52,193,291,73,41,127,50,243,44,157,17,10,707,83,55,71,16
21,2021,8,391,10,81,106,516,238,161,28,109,3408,1004,10,54,325,335,22,47,153,220,36,290,264,66,115,130,165,21,77,33,2,385,177,371,697,480,32,98,78,181,315,61,43,168,37,252,450,123,16,7,688,89,89,74,15
22,2021,9,341,1,95,79,502,207,170,33,103,3456,971,15,63,293,305,20,58,150,188,33,282,283,64,148,155,155,31,100,28,1,408,156,417,636,382,26,96,48,179,346,66,33,100,29,268,391,142,19,5,689,83,64,69,17
23,2021,10,373,13,76,102,466,269,279,33,117,3594,1082,2,67,310,296,23,52,215,216,41,274,314,45,102,156,170,21,88,61,2,503,219,462,782,438,40,108,51,190,348,86,39,107,34,279,348,171,23,4,746,69,67,88,15
24,2021,11,352,13,76,105,462,190,234,27,128,3820,1063,7,63,321,389,11,57,245,217,32,357,307,43,155,133,167,37,94,60,3,532,198,518,875,415,34,107,37,168,337,90,44,99,34,279,459,142,9,6,768,98,56,84,15
25,2021,12,382,14,82,79,501,205,240,28,107,4146,979,16,68,411,401,19,62,229,260,40,384,330,60,139,153,181,38,114,64,1,577,179,490,827,364,29,105,59,194,414,86,42,131,44,332,433,117,17,2,856,106,104,97,15
26,2021,13,326,15,107,105,491,252,231,48,81,4469,1107,9,80,409,393,17,72,183,267,55,423,365,76,141,50,174,24,174,36,2,577,205,505,786,388,32,96,53,210,575,96,26,87,45,346,546,164,18,13,765,100,64,94,17
27,2021,14,439,18,97,101,516,313,312,39,101,5145,1153,7,69,571,462,18,68,221,327,52,466,398,76,137,96,204,33,162,85,3,535,247,591,835,461,43,123,36,230,467,125,41,81,51,377,753,114,18,1,846,210,84,127,15
28,2021,15,464,18,90,120,625,333,262,54,110,5845,1357,4,73,502,460,22,64,217,305,65,434,348,94,167,159,208,38,131,30,5,549,230,552,728,509,38,139,45,369,536,123,35,84,28,401,735,115,23,4,858,246,74,120,14
29,2021,16,534,13,108,110,572,376,269,33,141,5908,1356,17,77,557,481,16,68,304,324,42,409,318,26,163,157,248,36,147,33,4,480,229,584,746,549,29,149,38,385,476,111,47,92,33,432,657,119,13,3,828,239,81,114,19
30,2021,17,612,13,124,162,614,412,257,35,140,5850,1581,15,69,549,502,22,71,234,460,61,441,328,86,173,187,266,40,131,40,5,489,311,540,695,483,36,130,50,284,512,90,32,92,73,461,776,130,19,2,905,279,85,118,25
31,2021,18,673,21,97,153,627,388,247,42,157,5786,1780,10,71,485,538,16,76,324,463,50,340,345,36,178,192,239,53,156,70,4,465,241,574,709,336,33,124,29,267,500,93,34,101,64,458,740,133,25,2,906,253,77,125,21
32,2021,19,692,26,101,158,709,428,298,29,165,5741,1735,15,74,557,596,22,66,337,566,38,346,384,24,180,222,272,33,164,78,3,442,213,660,655,252,31,128,36,279,421,65,37,121,76,454,813,154,21,9,976,256,75,113,16
33,2021,20,640,28,81,220,670,412,383,54,168,5569,1995,17,83,541,571,13,88,370,587,44,364,411,36,210,260,295,39,200,72,1,463,193,609,808,484,27,140,57,227,429,136,36,101,73,503,799,196,17,9,1073,265,26,147,14
34,2021,21,587,18,103,212,708,400,324,35,85,5261,1817,9,92,468,526,20,61,313,607,45,324,393,16,152,185,222,33,194,28,1,472,221,553,685,544,28,99,31,211,406,63,28,127,62,499,718,207,16,4,1059,243,24,122,9
35,2021,22,540,24,98,254,618,391,338,41,76,5281,1787,13,78,548,513,16,78,340,543,56,294,462,40,167,236,284,52,295,47,0,464,250,547,751,516,28,85,11,235,372,64,29,158,69,552,759,246,21,5,1058,215,26,151,20
36,2021,23,498,22,68,205,717,404,312,35,67,4641,1446,8,60,561,542,18,96,255,581,62,317,491,39,205,172,353,32,207,78,1,449,252,596,807,518,30,107,25,252,389,73,43,160,78,434,685,252,18,4,1103,243,23,122,17
37,2021,24,412,25,66,245,705,403,369,38,85,4478,1300,11,81,523,485,24,90,317,544,94,365,546,11,185,220,389,46,239,139,0,512,222,653,917,520,23,135,11,238,427,110,35,98,59,468,785,247,26,6,1195,259,23,135,14
38,2021,25,432,29,65,207,773,421,342,43,73,4675,1220,9,75,564,485,21,87,246,558,94,468,552,13,157,223,397,55,207,63,0,498,208,635,911,570,26,140,12,241,437,115,34,123,71,468,806,242,24,3,1307,271,22,136,24
39,2021,26,452,29,88,259,805,443,306,46,89,4920,1152,12,64,557,413,15,115,253,575,97,399,503,15,157,181,266,50,187,134,2,538,222,656,911,824,27,100,4,224,419,127,37,111,75,478,734,246,20,5,1309,268,12,134,12
40,2021,27,460,41,98,277,841,370,363,43,75,5780,1249,13,67,604,471,14,114,330,695,110,478,570,15,122,204,460,44,200,110,0,565,262,591,1016,880,32,102,24,286,470,18,38,119,57,571,935,295,26,7,1392,267,24,155,8
41,2021,28,555,33,83,302,1096,452,332,52,82,6797,1363,18,70,670,544,10,114,348,897,98,612,566,10,124,267,564,49,243,121,1,620,258,638,1068,1011,36,129,46,334,430,35,49,121,74,595,1043,285,26,25,1460,277,27,182,6
42,2021,29,694,42,111,319,1157,488,446,48,95,8844,1749,9,97,716,670,13,145,486,1136,86,634,625,17,150,448,549,64,225,68,1,625,389,732,1260,1216,33,145,84,385,466,183,47,206,78,668,1254,314,25,9,1711,345,31,161,19
43,2021,30,778,55,138,291,1305,490,531,57,293,10729,2276,18,115,805,726,10,145,589,1198,128,674,728,28,190,312,589,72,292,120,0,711,389,743,1341,1459,30,107,66,494,538,191,60,173,83,886,1410,294,30,3,1875,361,41,180,20
44,2021,31,917,42,222,283,1457,421,538,62,289,11279,2576,21,131,863,871,18,194,666,1063,120,689,759,22,224,230,528,72,337,175,0,739,488,855,1304,1645,36,139,61,607,642,206,50,237,92,872,1441,293,37,4,2270,421,35,166,12
45,2021,32,928,55,212,208,1492,509,560,66,113,11419,3630,21,123,887,986,15,167,760,1004,107,730,771,24,191,245,535,105,326,174,0,804,609,849,1324,1770,38,160,59,742,687,187,56,258,68,965,1536,286,47,4,2475,493,26,208,16
46,2021,33,1058,44,267,246,1620,635,584,68,318,11606,4111,27,133,958,1180,14,171,955,873,113,661,751,46,188,387,476,91,379,206,0,775,725,836,1352,1827,44,173,77,657,677,152,53,284,84,1267,1479,353,42,4,2899,492,38,206,15
47,2021,34,1324,65,257,251,1632,858,582,76,286,10734,3321,46,200,999,1536,25,200,968,742,120,721,727,23,164,219,464,81,412,142,0,776,847,839,1280,2047,51,197,80,618,804,185,41,319,96,1257,1864,474,61,2,3129,464,98,259,41
48,2021,35,1112,53,219,329,1881,991,520,66,131,9542,2836,20,250,1066,1284,35,211,867,536,163,749,742,24,163,158,586,111,423,207,1,696,743,817,1105,2102,63,201,71,595,890,191,43,337,88,1033,1773,462,33,1,3419,497,73,226,68
49,2021,36,967,0,191,274,1543,872,601,102,124,8299,2499,27,244,1091,1157,28,212,805,493,170,937,889,36,189,273,685,129,380,151,4,878,616,843,1233,2218,72,203,61,593,1349,184,31,250,122,965,1402,452,48,6,3557,478,50,334,40
50,2021,37,704,47,219,234,1343,870,701,109,153,6772,2039,30,183,1053,1010,103,155,663,387,192,979,889,45,354,127,613,126,318,243,6,932,473,1054,1349,1831,71,254,54,502,1404,160,59,232,120,611,1387,397,40,8,3552,511,63,375,55
51,2021,38,659,41,171,179,1254,794,618,102,430,6128,1751,19,172,936,852,77,148,621,356,213,977,973,59,383,138,541,137,298,196,0,1047,496,1137,1674,1472,70,181,37,541,1217,166,43,159,95,559,1163,398,42,6,3260,555,39,325,46
52,2021,39,699,44,195,192,1175,851,713,102,155,6066,1634,16,182,937,736,72,134,571,346,169,865,1011,68,388,106,553,153,216,169,0,1079,541,1212,1818,1320,77,173,36,366,1169,154,46,172,121,548,1123,436,39,4,0,548,39,337,41
53,2021,40,761,44,200,260,1971,1012,775,121,330,6106,1702,22,164,813,779,93,234,638,456,192,955,955,1408,1702,312,482,105,315,222,0,1063,559,1349,1845,1288,79,1325,98,511,1203,247,53,401,74,522,1314,394,62,7,2848,531,279,274,57
54,2021,41,743,46,179,218,1828,1021,832,108,308,6223,1818,16,174,797,720,100,185,619,401,208,826,912,1242,1594,279,491,116,287,182,6,929,558,1197,1761,1201,81,1295,157,524,1083,202,58,379,73,476,1157,419,51,5,2475,535,182,231,105
55,2021,42,772,41,188,220,2023,917,676,109,289,6395,1595,19,131,843,669,67,180,524,372,185,759,836,1221,1424,330,409,136,313,214,7,855,634,1065,1655,1048,119,1197,120,520,446,272,47,361,83,464,1150,447,49,8,2240,526,187,242,83
56,2021,43,767,43,208,209,2044,945,661,94,332,6495,1758,26,141,840,679,75,180,575,371,213,827,769,1192,1585,349,423,126,330,236,10,858,665,1021,1509,1133,86,1157,93,509,947,319,100,375,94,428,1089,489,49,4,2229,496,167,213,89
57,2021,44,856,45,286,274,2006,1056,794,87,95,7710,2063,23,158,892,795,101,198,753,444,212,767,875,1356,1670,433,491,140,294,183,14,804,842,866,1576,1131,119,1243,135,494,994,302,346,418,101,531,1290,591,55,6,2050,531,153,254,100
58,2021,45,985,53,276,342,2157,1112,773,88,122,7877,2850,21,140,955,945,105,238,624,542,203,839,1028,1643,1679,455,553,128,293,197,14,1028,958,1294,1680,1306,100,1474,300,490,1257,237,209,558,82,657,1342,616,70,6,2215,520,173,263,71
59,2021,46,1184,46,254,379,2118,1123,791,107,304,8244,3092,26,144,1094,1023,90,244,747,566,223,848,1150,1493,1720,592,549,127,357,207,9,1002,887,1371,1622,1357,89,1515,192,459,1396,248,417,643,117,870,1811,641,68,8,2432,574,143,249,93
60,2021,47,1011,39,312,408,2073,887,888,98,77,7471,2438,21,161,1169,978,86,203,921,659,245,808,1258,1194,1453,482,557,105,370,229,6,986,865,1244,1560,1310,108,1496,156,506,1181,177,132,740,113,685,1404,606,60,5,2486,464,91,289,36
61,2021,48,1321,63,319,502,2358,1120,1200,156,149,8008,2835,14,166,1487,1325,143,345,1307,783,285,1064,1898,1227,1722,479,772,91,492,263,20,1262,1205,1592,1958,1943,128,1730,184,588,1410,252,183,995,116,1040,1331,584,60,9,3094,591,196,302,45
62,2021,49,1518,62,239,520,2345,1134,1352,212,347,8541,2806,28,146,1580,1363,235,408,1169,893,228,1168,2079,1131,1709,478,708,77,421,227,47,1391,962,1860,2038,1969,139,1888,328,567,1470,231,235,1014,135,1113,1656,567,63,4,3220,550,132,277,65
63,2021,50,1671,106,252,433,2366,1226,1324,235,361,10798,3506,35,176,1728,1492,236,407,1243,1087,253,1518,2049,1061,1949,529,818,91,413,259,28,1728,912,2083,2671,1858,148,2355,314,563,1534,377,244,1224,187,1350,1833,607,59,6,3684,592,195,297,54
64,2021,51,2033,183,253,445,3243,1224,1550,180,105,14231,5437,25,252,2303,1621,152,424,1297,1771,226,2631,2230,1264,1916,551,1026,135,502,350,6,2720,967,2215,4338,2175,293,2359,410,633,1781,534,177,1402,240,1830,1801,598,60,33,5786,678,148,402,60
65,2021,52,3445,128,252,589,5210,1636,2444,288,111,20459,8028,41,233,2929,1849,150,574,1829,2840,275,2783,3150,1645,1839,1012,1518,206,677,405,10,3233,1396,2698,5796,4036,343,2827,842,992,2852,473,210,2341,247,2373,3378,748,58,15,10740,897,190,564,51
66,2022,1,2709,130,337,545,5700,1535,1591,210,216,17674,5135,43,225,2692,1597,210,545,1445,1636,271,1665,2317,1368,1060,1203,1190,187,588,460,8,1900,1843,1880,3327,3610,290,2300,546,1311,2149,414,178,1888,263,1640,3882,810,80,15,8315,1367,191,441,118
67,2022,2,2410,108,404,560,4320,1088,887,131,223,11746,3951,46,351,1772,1482,167,506,1546,1245,237,924,1238,989,974,1002,1293,183,570,399,9,937,1723,1165,1618,2999,236,1666,334,1211,1226,283,122,1613,193,1358,3413,732,53,13,5558,1225,257,307,173
68,2022,3,1795,102,340,483,2584,862,583,68,137,8155,2638,35,473,1287,1097,87,413,1109,854,176,603,717,823,730,696,1151,198,433,212,8,589,1311,847,982,1964,120,1198,433,956,823,190,111,995,137,1079,2491,477,32,7,3533,800,171,209,177
69,2022,4,1213,63,225,289,1958,622,358,62,75,5922,1884,32,223,950,705,107,321,1030,575,117,442,472,625,587,610,779,119,277,246,7,460,947,621,781,1283,182,937,298,591,612,130,81,638,96,833,1611,358,39,6,2209,690,206,140,162
70,2022,5,756,47,184,204,1503,500,300,36,44,5104,1496,17,144,635,481,111,235,608,473,103,472,420,541,439,356,487,94,281,194,1,414,547,477,579,969,97,591,206,464,473,76,48,449,82,595,1023,296,27,5,1406,402,153,127,56
71,2022,6,684,42,175,200,1292,459,269,50,61,4486,1329,10,159,674,419,119,167,645,402,109,402,332,505,436,328,337,85,265,163,2,421,414,561,657,711,109,641,216,476,493,107,53,414,79,475,1001,300,30,11,1186,386,164,137,79
72,2022,7,706,32,177,268,1109,539,256,39,75,4475,1364,11,184,768,525,82,142,504,503,80,428,310,455,414,360,289,68,290,193,3,492,251,564,721,711,77,706,247,312,491,150,70,467,80,485,1217,351,23,6,1162,342,147,155,67
73,2022,8,646,41,169,346,1038,580,312,36,0,4550,1198,9,173,910,490,86,170,620,449,81,383,354,477,386,298,306,77,270,180,2,499,399,432,749,716,67,432,223,271,466,133,58,474,65,526,1199,432,27,3,1172,288,139,157,40
74,2022,9,610,35,130,318,1260,811,303,58,86,4289,1093,14,238,1033,591,111,228,623,528,84,490,409,572,454,305,331,71,329,155,3,517,475,499,846,686,71,860,332,291,559,167,53,441,65,546,1425,465,28,11,1238,329,145,161,29
75,2022,10,656,15,142,507,1291,929,434,54,184,4253,1125,13,245,1186,637,88,195,663,583,83,534,658,641,450,362,320,103,345,144,4,556,541,725,918,660,54,971,329,362,547,172,83,384,60,497,1642,518,33,7,1363,389,199,183,37
76,2022,11,606,55,135,537,1383,1126,462,83,82,4604,1208,13,262,1405,905,108,240,696,515,111,602,804,879,452,308,362,94,328,197,5,571,639,901,1124,780,64,1165,662,309,609,214,107,413,73,576,1576,535,33,10,1495,419,244,224,48
77,2022,12,644,29,154,344,1559,1199,492,102,75,4648,1317,16,173,1498,763,89,230,801,583,205,608,1069,903,449,294,304,72,350,202,34,636,743,1065,1252,760,73,1121,303,370,681,212,120,425,51,586,1547,603,44,1,1488,569,294,239,34
78,2022,13,572,25,115,341,1556,1231,717,70,208,4945,1384,18,154,1580,739,82,190,901,530,181,655,1492,946,456,375,339,65,391,209,50,721,772,1339,1457,833,55,1229,275,353,790,275,138,477,46,593,1605,581,34,1,1661,585,230,208,43
79,2022,14,541,32,140,301,1614,1394,775,108,232,5479,1264,30,130,1654,806,82,208,821,576,259,814,2044,967,486,331,332,84,350,191,22,851,952,1731,1833,1086,67,1417,317,333,811,327,200,596,39,660,1498,488,82,9,1812,526,141,275,24
80,2022,15,646,37,141,295,1704,1510,870,112,220,6863,1335,16,111,1799,727,77,187,687,490,282,775,2493,951,471,381,326,76,328,237,44,955,1082,1548,1837,1142,56,1312,578,440,810,420,202,646,55,832,1394,467,80,11,1954,578,116,237,17
81,2022,16,707,60,133,259,1921,1905,811,117,183,7654,1435,29,133,1881,758,75,180,745,536,290,825,2192,1023,494,338,332,87,359,222,22,872,1238,1329,1694,1178,42,1320,176,517,833,583,161,692,43,735,1400,425,56,9,1958,764,69,253,29
82,2022,17,704,40,142,212,2210,1835,885,100,225,8240,1673,47,115,1908,833,67,161,819,496,365,795,2065,1280,453,347,313,76,327,252,13,887,1258,1418,1833,1155,48,1132,478,570,844,636,171,593,51,812,580,407,38,4,2193,951,101,233,26
83,2022,18,739,54,152,204,2419,1952,1090,121,299,9574,1747,45,118,1845,805,63,151,783,494,356,932,2406,1252,465,322,289,62,282,278,12,1120,1255,1765,2006,1162,51,1276,227,627,892,537,255,708,50,761,1330,385,46,5,2666,971,85,278,29
84,2022,19,762,68,187,192,2603,1822,1098,122,266,12238,2108,65,92,1983,811,55,124,625,612,430,1085,2561,1539,405,240,281,61,298,271,15,1155,1122,1940,2356,1372,46,1236,476,657,905,491,188,735,57,710,699,353,35,13,3090,992,83,266,21
85,2022,20,703,76,149,155,3040,1608,996,146,283,14478,2156,58,91,1753,779,46,151,777,652,391,1036,1911,1292,381,240,286,84,279,369,9,1179,1048,1530,2517,1517,63,1185,354,736,858,386,203,695,52,703,1396,374,41,3,3428,1051,95,253,30
86,2022,21,719,91,165,172,3017,1383,793,130,241,17313,2119,39,125,1580,640,37,136,526,568,304,927,1445,1043,324,289,291,77,202,362,5,1078,1000,1283,2436,1453,45,1023,99,739,781,259,167,678,41,689,433,412,25,25,3225,1103,79,214,25
87,2022,22,642,70,133,174,3067,1128,758,136,248,17372,2096,38,104,1572,729,27,122,562,594,207,908,1073,863,261,258,273,76,267,382,1,1057,883,1093,2250,1638,37,1001,74,687,721,283,92,716,49,701,1378,383,30,6,3313,997,110,192,22
88,2022,23,650,53,118,136,2688,899,677,116,307,14194,1806,44,77,1316,631,37,97,473,520,199,1015,930,789,255,209,265,83,197,296,0,1004,813,1210,2145,1439,48,827,58,618,649,319,78,604,40,548,1336,357,37,18,2881,847,66,182,27
89,2022,24,704,1,113,144,2451,718,606,91,290,12108,1749,43,64,1098,548,37,113,393,520,158,844,841,648,153,328,270,66,161,287,1,1020,674,978,2030,1261,26,749,205,600,551,289,85,454,39,489,1269,309,40,0,2677,734,42,147,22
90,2022,25,743,32,110,149,2399,591,643,74,255,10253,1718,62,89,1009,587,34,80,396,551,140,801,731,572,202,251,275,55,197,238,1,940,557,984,2035,1191,25,720,491,647,496,238,82,423,48,520,1143,293,26,9,2741,775,48,133,12
91,2022,26,795,0,106,167,2244,563,609,58,250,8841,1805,37,72,991,527,28,88,414,549,121,777,695,584,242,323,268,67,177,255,1,871,615,870,2052,1071,24,693,196,493,474,286,69,392,39,503,1077,0,24,6,2316,631,41,139,18
92,2022,27,876,26,105,214,2202,464,537,74,203,8568,2037,43,90,1006,562,30,105,435,620,108,697,659,549,216,350,330,61,168,226,4,831,608,937,1913,1134,38,698,189,493,471,299,57,457,35,487,1278,278,21,14,2383,513,69,118,24
93,2022,28,861,28,109,168,2136,456,462,66,233,8096,2006,33,77,1034,549,25,86,446,560,117,684,523,545,245,343,313,54,206,186,0,816,671,780,1733,1116,30,736,122,324,512,211,52,453,42,450,1191,254,16,8,2169,469,54,122,17
94,2022,29,789,60,98,158,1993,426,506,69,221,7833,2087,49,60,1107,605,30,90,511,529,90,676,559,499,214,303,302,66,207,186,1,767,647,747,1569,1131,29,768,128,348,495,218,60,443,37,473,1231,280,23,17,2289,377,57,131,8
95,2022,30,827,50,73,141,1828,399,535,73,167,7520,1997,34,53,1058,620,29,119,458,486,122,726,565,563,229,280,280,66,226,160,1,846,583,750,1623,1154,53,779,80,323,512,279,62,370,36,461,1170,271,16,24,2352,359,63,118,10
96,2022,31,774,27,106,135,1619,425,574,57,246,6370,1901,43,67,1063,595,31,97,372,446,101,706,536,562,224,269,247,40,236,134,2,813,496,811,1517,1127,45,790,108,288,532,233,56,374,32,439,956,211,16,7,2179,337,55,117,16
97,2022,32,790,47,76,119,1534,408,528,65,221,5884,2539,45,47,1066,171,30,94,418,463,101,627,554,563,221,266,243,57,201,125,0,799,583,827,1377,986,27,759,105,255,511,215,52,348,28,484,892,240,8,15,2094,315,51,125,22
98,2022,33,979,46,106,126,1623,439,492,52,212,6292,3323,44,44,974,877,27,83,608,542,115,615,544,543,202,357,250,47,266,139,0,661,752,637,1384,1020,32,792,162,255,465,232,41,310,57,637,1130,256,15,8,2215,316,82,116,14
99,2022,34,1277,65,101,181,1949,831,496,55,166,7530,3305,50,76,1290,910,22,111,671,733,107,552,559,520,216,477,245,44,299,136,1,671,940,562,1227,994,37,772,97,238,470,278,63,533,36,827,1811,337,27,12,2306,300,95,136,14
100,2022,35,1207,1,95,214,2218,990,465,240,201,8019,3077,72,77,1502,774,45,114,691,843,108,599,521,628,214,485,341,48,340,138,0,606,870,505,1175,1043,40,792,131,209,705,274,72,532,45,802,2122,375,24,11,2319,279,65,143,24
101,2022,36,1139,64,81,230,2152,737,601,82,255,7841,2970,77,71,1575,866,31,122,645,896,143,744,611,713,228,462,421,52,345,130,1,660,687,623,1182,1332,41,957,137,278,701,330,49,573,51,877,1930,393,25,11,2480,355,80,167,22
102,2022,37,1055,43,89,225,2147,851,791,89,429,7355,2815,94,68,1385,800,36,85,642,922,171,918,828,832,352,348,381,60,306,129,3,876,544,982,1698,1409,124,930,129,318,784,214,117,604,57,818,1948,322,36,7,2746,438,145,203,19
103,2022,38,1142,59,97,184,2333,852,791,118,409,8039,3436,95,53,1423,1065,24,131,625,1044,187,1012,1016,916,426,325,304,74,303,137,0,954,548,1091,2286,1667,90,932,111,407,808,225,138,692,59,1006,2621,326,39,16,3056,513,143,235,18
104,2022,39,1302,47,108,225,2443,995,830,102,364,7288,4008,92,67,1560,1108,28,257,664,1136,168,1023,1113,904,537,371,371,70,404,196,7,1043,517,1005,2285,1669,85,977,295,409,856,114,140,978,53,1057,2372,314,43,15,3254,560,147,204,22
105,2022,40,1436,54,268,291,7136,665,925,105,430,6946,4571,1206,75,1759,1323,58,237,587,1261,181,1102,1269,929,525,457,458,52,448,156,6,1005,557,933,4751,1904,97,1179,284,426,962,68,142,1220,45,1358,2654,348,52,14,3457,356,220,236,48
106,2022,41,2324,91,264,406,7892,675,1040,165,434,7097,4940,1114,69,2090,1384,57,286,538,1543,203,913,1412,1353,612,621,467,64,484,168,6,1147,644,518,4204,2527,87,1389,299,390,1203,69,106,1466,68,1709,3328,348,32,11,4044,495,208,262,50
107,2022,42,2831,82,286,410,8955,1512,1190,188,516,8762,4953,1135,90,2422,1279,54,369,839,1747,239,1928,1402,1017,610,705,603,68,487,219,10,1381,796,1098,5898,3083,102,1663,321,421,1152,102,132,1916,97,1905,3720,363,43,13,5288,426,332,347,48
108,2022,43,5912,76,322,647,11136,1982,1657,267,659,12160,7816,1409,104,2846,1465,97,445,1339,2538,232,2683,1732,1917,729,1050,657,82,665,258,9,1704,1165,1936,7871,5985,119,2081,428,419,1634,121,181,3659,79,3275,5069,407,58,22,8408,887,594,380,67
109,2022,44,6688,75,566,940,13396,2628,2130,412,825,14390,8097,1408,180,3459,1782,128,598,2182,2912,339,3616,2260,2210,890,1524,806,97,851,320,13,2472,1623,2499,10526,9039,129,2753,564,738,1945,160,245,5008,108,5087,5726,566,61,19,11723,1364,560,474,97
110,2022,45,4298,129,837,1066,16348,3532,2165,398,901,14928,6767,1277,255,3770,2063,136,747,2405,2503,414,3646,2256,2145,1221,1259,888,139,879,405,7,2588,1945,2765,11331,7732,147,2752,580,1096,2159,196,246,3731,129,4375,5063,702,86,13,11153,2227,489,555,179
111,2022,46,3369,143,1071,1199,20087,4577,2168,357,812,14127,5094,1370,483,3802,2280,175,903,2649,2130,380,2767,2254,1837,1681,1014,996,150,1175,530,6,2193,2301,2778,11068,5665,182,3124,931,1539,2160,201,282,2554,187,3718,3677,851,66,39,9408,3563,553,581,186
112,2022,47,3400,164,1099,1392,22774,4648,3303,394,571,13872,5193,939,817,5021,3788,185,1439,4292,2559,591,3153,3200,2040,1749,1282,1733,307,1669,697,8,2670,3250,3513,13642,5616,225,4273,1315,2456,2841,217,399,2967,282,4851,4948,1006,100,31,10631,5945,424,842,198
113,2022,48,3240,172,1391,1314,26030,5209,4364,580,736,15284,4837,1363,733,5396,4807,271,1448,4320,2440,899,3148,5451,2597,1950,1111,2038,304,1603,800,22,3264,3876,4606,17731,6077,243,4609,1662,2763,3354,219,770,2872,304,4666,5139,1118,142,21,10552,6043,481,1058,224
114,2022,49,2343,156,1130,1055,21518,4808,3778,468,581,15359,4125,1340,868,4861,4688,256,1432,2915,1850,1239,2372,6685,3084,1712,780,1970,339,2094,754,33,2761,4221,4894,16044,4310,398,4255,1953,2487,3028,193,1006,2033,347,3372,4644,1161,239,10,8157,5284,675,1011,146
115,2022,50,1902,134,954,862,18479,4961,2972,490,468,16677,3749,1371,942,4377,3971,339,1132,1917,1537,1480,2081,7292,4006,1430,641,1658,371,1998,740,32,2151,3972,2540,14855,3714,509,4003,1646,2200,2684,150,962,1797,256,2551,4013,1214,241,16,7087,4365,584,879,292
116,2022,51,1707,83,905,626,17211,4152,2498,369,376,16102,3185,1220,948,3126,2744,274,775,1479,1226,1252,1763,6988,3636,770,552,1215,368,1347,537,23,1722,3232,3956,12390,3159,258,2975,1232,1565,2110,112,830,1601,191,1821,3075,1206,446,13,6307,2927,504,645,204
117,2022,52,1946,105,857,687,15272,3112,2276,314,212,16271,3352,1109,511,2520,2379,137,680,1360,1676,1099,1668,5893,2886,605,743,1061,273,1077,499,15,1670,2645,3151,9819,3650,220,2419,1297,1192,2187,103,591,1713,146,1766,3871,957,202,12,1328,1955,340,505,169
118,2023,1,1681,72,559,547,13217,2176,1706,275,212,14582,2997,1065,268,1830,1564,120,467,1041,1369,618,1439,3698,1949,456,516,732,205,657,287,16,1369,1714,2075,8316,3077,188,1580,823,792,1636,41,300,1566,103,1329,2751,698,145,16,5121,1251,266,399,133
119,2023,2,1250,51,379,350,10907,1569,1122,140,281,10502,2286,1156,159,1440,1053,93,359,836,888,354,1033,2120,1088,415,407,516,124,451,181,7,1100,935,1438,6179,2005,173,992,635,1173,1035,50,192,1069,97,1075,2443,459,81,18,3585,819,328,263,33
120,2023,3,1147,53,335,351,8614,1253,887,141,223,9817,1884,977,108,1307,641,75,252,742,841,224,889,1526,933,439,450,501,82,345,124,11,978,786,1256,5322,1821,53,896,500,452,925,71,141,1045,104,920,2107,405,49,29,3472,627,259,288,53
121,2023,4,1334,36,341,316,9287,1092,847,155,246,9525,2138,1088,101,1363,856,83,314,912,835,158,980,1429,836,493,438,447,100,383,174,11,1000,784,1282,5017,1769,132,853,448,483,906,64,148,868,117,870,2048,402,46,47,3389,639,282,253,55
122,2023,5,1335,54,393,275,10071,1611,817,181,279,9701,2288,1010,119,1388,902,72,242,818,755,134,953,1246,844,461,435,430,84,383,173,7,1017,872,1318,5175,1820,119,866,361,554,923,66,126,987,89,806,1633,445,34,11,3528,623,201,204,49
123,2023,6,1350,54,405,307,10583,1676,825,164,289,9537,2448,1001,103,1551,952,74,287,855,825,169,1003,1335,991,462,437,454,100,411,172,14,1152,925,1233,5529,2079,130,937,350,523,1018,40,158,1017,95,831,1878,414,45,41,3688,687,288,263,64
124,2023,7,1253,47,360,316,10451,1590,882,186,267,8970,2302,895,111,1632,975,76,284,786,685,148,1025,1472,913,483,373,517,102,379,189,22,1129,833,1371,5039,1929,129,916,376,534,1002,42,154,843,98,854,1666,476,40,26,3229,657,295,236,60
125,2023,8,1128,49,393,341,10049,1514,856,173,224,8831,2103,809,118,1735,981,50,271,681,641,176,1025,1162,971,398,309,454,109,379,209,23,1053,902,1275,4292,1918,53,1089,322,574,971,74,114,787,73,828,1711,552,49,12,3236,569,286,250,46
126,2023,9,841,49,363,306,10152,1586,755,123,215,8502,1810,853,94,1731,964,72,173,677,518,167,941,1084,970,472,368,528,79,439,187,12,1114,926,1182,4153,1595,60,1019,408,536,909,72,118,800,90,818,1843,458,43,16,3231,647,274,261,52
127,2023,10,891,44,352,261,9846,1595,749,126,251,8331,1733,853,107,1695,928,68,263,678,533,152,1041,1217,1005,420,305,510,112,467,177,19,1046,910,1244,4131,1431,69,961,369,535,941,52,130,738,62,722,1778,467,32,14,3051,676,264,247,53
128,2023,11,873,37,370,254,9390,1583,757,151,332,7811,1833,746,106,1714,1057,52,252,714,610,125,1015,1125,1077,467,304,457,102,413,189,8,1108,851,1291,4424,1642,43,1050,350,592,917,57,124,760,70,657,1336,465,32,22,3207,718,293,256,46
129,2023,12,894,66,332,215,9337,1549,797,147,328,7575,2116,891,103,1689,947,60,198,802,664,143,1047,1305,1150,474,273,469,116,402,178,9,1102,689,1281,5067,1748,49,995,399,625,923,56,138,820,76,714,1255,482,42,15,3250,735,309,297,24
130,2023,13,783,59,311,207,9267,1310,778,152,341,7462,1957,797,72,1425,850,60,198,644,600,166,936,1330,997,525,255,414,98,425,180,8,1069,765,1249,5189,1697,48,896,387,571,866,49,143,866,75,706,1424,446,37,6,2920,717,290,270,24
131,2023,14,706,66,271,162,8525,1333,706,104,273,7263,1721,885,87,1252,753,42,164,532,550,145,811,1251,911,455,274,374,89,378,123,16,975,720,1056,4472,1527,55,722,373,483,560,53,128,717,76,639,1406,381,33,11,2613,648,184,256,26
132,2023,15,750,81,330,159,8204,1333,712,112,256,7401,1708,969,85,1112,713,67,185,523,551,147,775,1275,807,377,246,306,93,337,154,9,890,677,917,3790,1346,41,793,367,497,714,48,109,664,66,669,1520,419,31,9,2372,569,153,233,36
133,2023,16,770,65,285,201,7882,1268,597,96,182,7234,1600,875,84,1047,737,48,148,464,521,134,715,973,783,389,289,311,81,300,195,5,826,617,892,3684,1133,73,679,281,521,655,70,82,638,60,629,1671,380,24,3,2312,594,128,229,21
134,2023,17,795,56,306,195,7566,1240,562,89,235,7420,1610,812,96,937,736,36,157,543,573,101,688,960,773,448,253,371,78,338,137,3,764,688,907,4104,1045,66,708,253,505,614,79,114,645,73,715,1593,391,30,13,2445,548,141,207,18
135,2023,18,789,52,330,192,7901,1244,599,102,225,7434,1649,837,74,944,680,35,175,519,615,100,738,954,950,423,232,337,82,303,104,6,761,645,579,4332,1070,53,698,228,447,623,45,111,629,67,773,1674,358,25,12,2543,510,499,214,25
136,2023,19,744,50,279,138,8167,1167,579,103,268,7242,1895,766,61,827,679,27,132,427,542,111,778,1110,871,386,189,311,75,270,127,5,767,563,967,4711,1061,57,721,221,464,637,73,99,616,68,696,1511,352,29,0,2583,495,479,235,15
137,2023,20,736,61,269,130,8073,1107,564,102,271,7204,1812,776,71,174,607,28,101,318,553,74,831,1081,830,403,216,225,59,282,142,7,816,548,1018,4608,1006,58,696,209,432,580,77,95,606,47,625,1165,339,26,1,2410,492,124,170,7
138,2023,21,622,71,282,167,8133,971,507,99,245,7101,1698,695,47,829,611,29,107,332,507,91,775,1066,726,393,266,270,67,283,108,1,752,489,964,4413,963,68,622,176,10,570,67,76,460,50,569,708,278,21,6,2300,516,104,192,14
139,2023,22,684,45,226,133,7630,871,551,86,210,7702,1808,695,51,769,574,28,92,228,518,112,797,991,790,299,188,254,60,244,103,1,788,482,762,4394,1011,0,560,149,445,528,69,76,506,63,547,1086,236,22,10,2343,465,80,210,16
140,2023,23,573,65,201,122,7683,741,428,67,304,6375,1384,616,60,613,520,27,76,199,389,104,679,940,708,286,194,197,52,164,143,1,687,385,823,3653,923,56,436,75,445,483,78,102,532,44,458,696,188,17,4,2126,551,75,152,17
141,2023,24,551,70,177,81,7081,666,443,65,211,5726,1132,595,40,530,403,16,70,191,309,99,667,886,613,252,183,222,45,181,150,6,683,370,797,3568,810,37,426,88,414,440,80,91,468,48,355,752,211,21,4,1853,472,63,139,10
142,2023,25,412,59,177,91,6583,594,366,48,187,5377,1055,627,52,468,372,14,78,144,320,106,562,825,557,247,177,178,42,166,133,2,575,334,741,3134,718,39,392,69,358,361,90,65,413,48,310,653,155,27,6,1634,509,65,151,11
143,2023,26,411,60,159,89,6211,529,357,51,182,5118,983,572,46,418,318,11,50,202,300,98,505,682,465,201,128,162,30,134,124,0,513,250,623,3005,596,0,340,58,334,374,90,63,360,24,301,790,149,20,5,1369,416,41,136,16
144,2023,27,424,53,130,92,5465,456,321,46,104,4981,949,541,57,425,331,10,53,170,280,92,439,598,380,193,131,173,32,129,111,2,482,279,497,2850,625,44,351,65,346,358,72,72,362,49,288,670,127,20,6,1380,372,29,107,14
145,2023,28,489,43,113,81,5019,469,296,38,116,4953,1026,568,49,383,332,18,56,180,351,73,515,631,370,198,148,160,35,168,12,1,472,261,572,2640,569,28,343,82,291,343,58,53,341,23,277,703,136,21,2,1298,339,42,93,7
146,2023,29,459,54,95,74,4747,423,320,52,134,5061,1051,651,33,408,338,21,56,178,361,81,424,597,346,202,152,140,23,153,46,1,513,275,603,2693,582,45,372,75,230,334,58,69,319,35,323,639,124,24,3,1311,329,42,95,12
147,2023,30,509,54,118,72,4587,406,329,62,118,5376,1157,668,40,440,317,21,72,229,373,90,432,617,356,182,179,172,35,166,54,1,495,272,606,2737,618,39,325,91,236,344,55,90,325,25,312,660,141,15,1,1318,296,46,101,20
148,2023,31,566,43,123,71,4546,390,338,57,88,5418,1194,698,37,566,344,29,54,196,379,83,439,606,336,172,223,155,22,137,65,2,519,245,573,2893,626,32,342,80,241,356,43,44,359,27,305,757,139,16,2,1367,357,38,128,9
149,2023,32,730,59,150,111,4800,483,365,64,123,5754,1702,689,59,533,427,29,72,219,451,104,487,665,389,190,300,167,33,128,47,4,538,377,603,3011,688,35,330,143,276,316,26,61,230,27,415,735,128,17,4,1466,345,52,123,13
150,2023,33,1059,63,195,130,4994,547,370,73,125,6489,2876,781,43,601,577,31,78,310,514,77,522,602,305,170,391,188,24,168,50,0,503,497,611,3170,862,50,368,72,282,380,45,69,474,27,646,893,140,23,5,1684,331,41,101,12
151,2023,34,1588,66,194,192,5491,761,369,65,146,9105,3152,984,59,816,679,38,90,489,864,98,541,680,401,171,381,180,38,204,43,1,580,586,608,3036,1055,25,463,118,305,384,55,63,789,36,804,1328,179,16,17,2001,397,70,132,25
152,2023,35,1531,56,223,307,6347,883,411,78,176,9251,2629,968,62,986,783,37,128,621,1020,69,609,647,512,190,360,315,39,249,15,4,534,576,594,3245,1120,40,557,132,283,433,80,66,834,26,801,2098,209,11,8,2376,496,187,125,31
153,2023,36,1342,78,200,274,6181,908,534,91,245,8986,2446,895,85,956,830,50,141,610,906,84,734,763,666,147,279,427,44,305,72,6,675,648,602,3237,1448,61,693,159,348,575,85,61,656,36,688,1527,207,28,17,2683,565,198,144,44
154,2023,37,1097,112,216,278,6521,873,591,90,279,8016,2484,1009,82,1049,732,29,108,525,809,105,759,849,761,229,270,371,42,264,68,4,767,545,756,3701,1572,77,675,213,395,656,76,71,699,40,696,1610,218,9,15,2768,595,174,201,51
155,2023,38,1023,119,218,255,6499,951,735,126,311,8092,2722,964,88,1102,867,50,112,534,799,116,850,990,816,316,279,361,44,231,57,10,851,643,955,5056,1637,69,739,245,399,754,123,156,708,76,682,1127,209,28,12,2806,590,224,264,175
156,2023,39,1006,126,239,242,6530,1057,698,103,278,8594,2807,1001,75,1078,846,36,96,580,745,130,851,1029,946,304,250,327,54,268,71,8,946,662,936,5219,1471,40,689,245,453,706,113,138,723,61,729,1426,228,34,8,2841,635,169,263,63
157,2023,40,1024,134,1463,252,6790,981,787,125,303,9918,2875,951,94,1104,1263,36,160,503,1011,120,1159,1208,1469,261,434,365,45,250,785,29,974,705,993,5510,1517,36,671,170,461,761,129,149,766,67,773,1726,227,35,27,3021,811,270,359,108
158,2023,41,1045,193,1349,293,7433,1156,685,120,328,10289,2934,917,88,1093,1246,73,171,517,1049,156,1131,1124,1529,338,450,390,43,320,842,30,980,706,907,5262,1613,64,784,199,472,690,142,132,797,46,729,1717,207,41,20,3145,755,227,350,119
159,2023,42,1121,171,1407,349,8892,1311,719,125,399,11103,2887,1106,84,1084,1269,61,193,560,1268,113,1215,1292,1573,330,506,344,51,320,928,37,1042,815,909,5655,1634,80,827,278,431,827,118,132,870,59,689,2051,238,55,21,3419,761,203,356,158
160,2023,43,1368,171,1611,330,9268,1276,809,119,400,12309,3387,1164,60,1402,1108,50,204,641,1485,136,1366,1275,1839,317,619,446,42,364,990,39,1022,864,984,5798,1862,123,867,334,451,833,176,157,1009,81,783,2240,221,48,22,3752,714,272,353,152
161,2023,44,1517,240,1703,381,10565,1514,870,144,395,13095,3551,1149,109,1466,1282,64,201,737,1640,123,1399,1489,1747,346,672,373,35,386,1001,46,942,1074,978,5757,1970,116,844,325,467,933,173,169,1221,59,893,2238,301,46,27,3687,886,269,431,147
162,2023,45,2231,14,2089,511,11836,1875,1027,162,451,14379,4603,1213,98,1744,1634,78,249,929,2847,135,1605,1615,2109,392,879,476,57,474,1224,49,1244,1115,1146,6471,2606,158,953,373,446,1020,176,192,1847,60,1358,2923,423,67,14,4097,914,301,390,134
163,2023,46,2481,146,2334,525,12981,2372,1184,176,432,14410,4697,1203,126,2137,1860,146,309,1023,3269,180,1709,1793,2463,403,1020,472,62,476,1491,67,1216,1104,1301,7182,2832,170,1099,252,552,1144,171,171,2145,58,1439,3283,507,58,8,2252,1036,329,478,181
164,2023,47,2043,132,2099,490,11803,2156,1236,137,327,12976,4213,826,146,1977,1879,96,274,1020,3351,208,1544,1928,2430,379,880,491,68,470,1223,61,1240,1110,1307,6594,2612,154,1106,425,511,1142,158,139,1397,74,1263,2553,497,59,14,4229,1172,221,504,151
165,2023,48,2311,130,2567,580,15889,2641,1466,163,385,13036,4496,1144,184,2337,2442,136,377,1272,3498,248,1832,2481,3100,482,826,639,53,551,1558,107,1321,1302,1462,8674,3941,190,1428,472,592,1488,96,232,2557,73,1825,2821,562,63,15,4838,1552,405,658,182
166,2023,49,2913,123,2889,556,16579,2990,1294,195,490,13773,4972,1210,232,2391,2554,130,439,1316,4106,221,1995,2759,3341,500,1000,677,80,581,2020,173,1773,1611,1331,9668,4727,165,1507,556,661,1563,107,261,3195,108,2116,3010,653,72,10,5509,1838,381,654,192
167,2023,50,3951,97,3854,633,18214,3541,1513,250,507,15225,6619,1349,285,2475,2705,163,522,1630,5388,299,2102,3543,4510,599,1261,796,111,705,2439,232,1803,2264,1674,11400,6136,231,1678,616,687,2072,66,358,4089,110,2643,3549,734,65,27,6851,2082,395,755,238
168,2023,51,4669,103,5099,761,20820,4065,1733,291,517,16719,8918,1183,503,2595,2756,133,495,1965,6783,423,2749,4394,5613,603,1634,845,170,793,2793,343,2201,3142,1910,13184,8022,337,1992,424,790,2315,77,403,5574,179,4307,4046,827,82,21,8797,2627,441,914,229
169,2023,52,4568,124,4651,871,18362,3858,2268,328,468,18033,9212,1106,908,3085,2942,78,570,2246,6475,500,3095,5282,6575,484,1481,884,288,870,2566,378,2636,3164,2226,13742,9059,277,2474,487,937,2998,97,426,2308,193,4673,3307,912,116,43,10048,2351,493,1044,232
170,2024,1,3557,114,4196,749,17226,3391,1776,344,402,16527,7108,1049,542,2486,2819,113,542,1824,4880,460,2387,4462,5775,409,1092,830,267,802,2151,286,2177,2752,1957,11904,6258,313,1837,787,848,2323,82,314,3779,179,4027,3480,705,99,29,7437,2407,473,986,246
171,2024,2,2529,97,3303,611,16071,2872,1405,234,467,13981,5166,1252,392,1778,2408,79,403,1690,3375,381,1973,3848,4454,621,857,692,198,603,1752,273,1843,1958,1308,11700,3994,247,1629,335,676,1810,115,287,2449,110,3319,2885,560,98,48,5897,1894,496,774,264
172,2024,3,1908,106,3202,619,13641,2350,1270,184,303,12420,5050,1117,290,1347,2025,87,341,1272,2351,412,1460,3132,3750,619,668,535,171,507,1675,245,1495,1729,1072,9840,3165,237,1495,399,552,1370,80,275,2010,61,1953,2948,522,80,67,4819,1762,415,549,158
173,2024,4,1987,97,3079,763,12834,2704,1281,183,512,13012,6023,1129,268,1384,2380,132,431,1460,2393,365,1467,1767,4537,833,646,554,162,639,1577,223,1510,2007,1129,10325,3462,225,1737,914,546,1427,71,322,2202,127,1696,4050,485,64,9,5151,1944,506,558,275
174,2024,5,1880,126,2774,934,12309,2649,1290,187,522,12981,5446,1198,334,1665,2695,198,603,1431,2203,420,1440,3625,5079,980,631,688,154,822,1379,261,1616,1910,1050,9737,3137,283,1907,1440,880,1461,69,406,1988,118,1315,4858,466,139,14,4888,1769,574,693,305
175,2024,6,2072,82,2398,1046,11329,2550,1332,193,602,13607,5391,1292,311,1959,2969,181,669,1793,2246,475,1685,3984,6977,910,692,847,192,1015,1128,262,1677,2065,1193,9953,3295,280,2549,1439,930,1582,63,473,1950,177,1754,4161,389,94,9,5354,1569,741,746,341
176,2024,7,1776,128,2385,1048,12026,2357,1264,186,659,12341,4472,1204,367,1878,2668,194,621,1838,1945,496,1726,3375,7872,861,596,919,131,1006,1332,254,1439,1984,1191,8886,3098,223,2825,1184,987,1570,68,413,1860,182,1782,3314,434,65,7,5686,1514,649,759,334
177,2024,8,1676,124,2447,1028,11503,2218,1273,281,667,11628,3700,1164,405,2259,2280,246,709,1849,1898,509,1826,3770,8881,798,733,1014,118,1342,1407,245,1581,1859,1277,8090,3109,256,3070,1111,655,1840,72,439,1583,196,1939,3081,380,65,17,5715,1554,671,771,260
178,2024,9,1568,124,2258,896,11918,2026,1252,314,664,11769,3409,1101,259,2155,2636,183,667,1653,1538,407,1957,3680,8930,902,544,979,101,1372,1204,263,1628,2087,1160,7845,3016,222,2889,1041,617,1792,91,431,1493,185,1673,2630,363,96,12,5708,1404,748,788,220
179,2024,10,1318,101,1900,676,11359,1995,1265,265,669,10942,2908,996,259,2009,2037,188,675,1350,1392,369,1867,3291,8410,830,527,876,121,1205,1060,198,1563,1678,1052,6980,2297,250,2463,1051,631,1503,89,555,1275,197,1465,2222,348,80,13,5128,1402,562,728,235
180,2024,11,1164,140,1879,566,11383,1689,1034,192,584,10159,2828,965,297,1690,2235,152,534,994,1290,308,1532,2897,6845,823,438,676,105,1069,1070,153,1390,1654,972,6742,1910,230,1804,788,744,1278,90,277,1075,221,1093,1462,363,50,13,4249,1413,461,767,215
181,2024,12,1144,133,1743,370,11361,1479,906,165,529,9266,2360,808,244,1645,1885,141,397,890,1262,278,1538,2812,5962,670,398,517,85,854,1034,131,1413,1506,910,6724,1879,203,1475,580,741,1236,104,277,939,299,964,1688,348,44,17,3849,1320,354,630,176
182,2024,13,1018,111,1653,327,10416,1322,1042,172,498,8360,2330,734,117,1557,1790,126,379,968,1177,287,1242,2843,5676,582,449,468,86,774,998,150,1274,1259,931,6775,1799,218,1327,605,636,1146,75,299,970,147,984,1635,273,45,24,3563,1217,281,612,130
183,2024,14,1047,110,1546,282,10062,1329,973,123,496,8117,2133,807,165,1391,1495,114,353,798,1062,272,1280,2719,4841,594,468,433,77,712,891,132,1204,1119,835,6219,1628,229,1068,413,611,1115,81,272,911,124,989,1557,259,39,13,3147,1117,176,510,64
184,2024,15,948,130,1704,287,10085,1340,912,97,649,8001,2036,902,148,1235,1358,80,315,661,906,247,1092,2514,3800,391,379,390,47,608,882,152,1055,1084,783,5651,1463,163,899,549,835,956,73,235,780,134,895,1703,257,43,7,2726,1030,166,555,154
185,2024,16,861,96,1604,263,9052,1312,782,90,358,7751,1846,897,140,1056,1174,81,273,546,758,216,1041,1791,2930,381,381,370,55,532,954,123,925,996,688,5400,1335,150,687,459,578,901,72,221,632,78,786,1544,246,56,8,2413,941,159,421,131
186,2024,17,830,119,1630,248,9668,1260,743,85,349,7834,1720,1049,119,994,1207,59,262,556,771,175,1026,1486,2463,402,421,284,48,483,865,106,911,947,642,4507,1283,134,645,338,580,791,58,144,576,89,740,1442,200,33,17,2327,990,175,458,104
187,2024,18,871,95,1579,250,9439,1338,627,84,338,7513,1797,905,97,960,1168,46,207,495,817,177,958,1498,2196,338,296,173,52,369,879,92,889,898,565,4273,1253,110,611,437,620,756,71,154,544,73,729,1443,220,27,7,2408,1052,169,425,94
188,2024,19,770,114,1562,246,9478,1237,600,72,332,7058,1720,890,152,862,985,36,155,484,785,170,922,1291,1727,272,343,181,58,355,867,96,823,829,546,4044,1140,99,529,382,658,718,67,143,509,77,620,1449,245,22,9,2183,957,194,283,53
189,2024,20,675,99,1616,216,9604,1152,600,80,365,7194,1662,888,110,859,942,52,148,454,693,187,899,1183,1429,234,363,159,62,341,847,64,829,810,491,4331,1127,103,468,287,704,674,80,139,518,46,622,1283,230,29,5,2205,785,122,221,42
190,2024,21,725,85,1564,224,9334,1006,554,55,307,7211,1448,908,116,789,910,31,105,390,730,137,884,1125,1209,211,202,196,42,293,824,53,836,801,462,4393,1027,129,473,251,640,618,73,122,514,78,564,1232,186,26,4,2137,870,140,234,51
191,2024,22,619,96,1550,235,8757,891,497,68,292,7276,1458,891,121,706,824,23,109,429,626,107,709,963,1139,133,261,177,51,240,770,63,733,773,443,3951,1016,100,512,167,657,624,82,103,421,47,534,1090,226,24,5,1914,857,125,206,52
192,2024,23,531,74,1190,162,8329,793,489,51,318,6924,1346,1109,89,574,759,35,81,350,500,111,708,881,1024,149,172,151,47,182,605,61,717,607,418,3765,872,68,421,138,667,596,57,79,394,41,488,965,143,15,5,1769,855,127,189,27
193,2024,24,536,69,1067,142,7588,627,454,46,299,6033,1208,951,72,552,662,17,98,306,516,103,692,886,948,132,243,124,26,191,594,49,787,384,380,3512,847,64,347,137,562,534,82,73,368,37,369,1016,155,22,8,1705,773,128,182,15
194,2024,25,477,0,992,113,7201,609,446,53,213,6274,1089,1030,83,481,599,16,65,454,443,120,666,757,818,111,206,140,35,151,557,28,691,518,436,3248,751,46,364,109,515,392,79,56,367,36,328,876,143,18,5,1545,799,87,137,10
195,2024,26,463,72,840,107,6803,564,371,39,240,6503,1080,970,76,502,600,12,50,385,458,89,615,808,799,135,254,118,34,150,556,53,728,482,363,3272,679,35,341,100,469,438,99,67,367,43,356,892,142,17,16,1557,651,94,242,17
196,2024,27,440,0,680,123,5890,458,368,34,215,6482,969,785,60,462,627,18,68,233,524,106,592,738,801,110,265,144,39,139,426,37,645,440,317,2883,682,32,290,110,404,406,73,69,372,42,339,602,137,32,10,1504,551,88,227,19
197,2024,28,510,57,720,143,6020,549,400,38,232,7026,1184,855,61,462,763,19,77,281,610,106,587,770,797,120,293,120,33,185,518,47,705,449,802,3039,707,45,295,119,401,427,65,73,399,49,362,964,154,25,21,1506,506,91,203,11
198,2024,29,593,83,659,146,5658,542,433,41,201,6751,1347,764,57,500,654,22,72,235,582,115,539,767,788,110,329,142,21,173,485,47,676,411,747,2383,777,36,345,143,265,431,50,74,412,44,420,952,115,13,13,1585,469,75,181,11
199,2024,30,556,81,677,152,5465,543,463,58,221,6682,1322,672,59,556,725,14,100,296,722,106,588,759,626,59,324,150,28,171,452,41,745,280,827,3306,883,37,377,165,348,467,52,81,325,36,430,1043,122,19,16,1801,442,108,219,12
200,2024,31,652,57,781,181,5303,536,464,44,230,5980,1540,639,52,583,810,23,99,445,768,120,620,796,714,122,377,182,27,189,396,59,708,262,855,3018,962,50,364,197,309,479,58,55,522,49,449,1024,119,15,12,2000,412,71,207,14
201,2024,32,874,0,823,225,5180,543,473,56,224,5484,1791,612,67,545,867,35,75,342,766,116,690,777,728,131,457,132,35,207,463,52,700,328,847,2788,1073,51,390,164,274,492,38,66,576,34,546,1009,100,20,10,2014,449,124,203,11
202,2024,33,1001,81,1047,185,5134,594,494,56,217,5276,2411,696,57,668,1123,29,85,436,814,127,627,786,695,111,487,159,20,195,425,44,703,378,912,3058,1135,39,373,146,281,477,26,89,560,36,665,1028,137,22,2,2171,392,123,197,12
203,2024,34,1233,68,1066,223,5614,749,505,72,237,6339,2751,769,70,735,1402,29,102,555,1078,142,607,842,789,131,390,187,44,212,581,60,666,421,794,3039,1220,48,463,261,287,560,28,68,712,52,872,1425,140,17,15,2365,360,182,243,14
204,2024,35,1269,0,1093,309,6029,964,558,44,297,7698,2699,788,65,921,1349,38,113,602,1063,123,700,885,839,128,408,224,35,247,644,50,651,402,835,3137,1298,57,523,265,294,586,34,87,721,84,844,1915,173,21,3,2579,438,274,246,15
205,2024,36,964,82,1018,287,5848,897,588,58,288,7559,2226,791,82,822,1353,28,146,678,992,128,753,949,1013,144,325,293,36,254,679,80,678,412,828,3048,1526,42,583,200,382,662,53,84,756,68,719,1350,187,26,7,2799,418,249,258,27
206,2024,37,750,123,957,252,6184,941,726,68,436,6762,2030,860,113,928,1339,47,125,637,692,167,933,1172,1310,206,223,233,33,265,619,67,905,386,1123,4030,1559,49,635,287,348,741,42,100,672,73,678,1533,176,27,5,2799,540,367,350,19
207,2024,38,721,98,957,241,5789,863,900,86,396,7180,2095,822,71,805,1392,44,131,572,818,182,990,1310,1434,395,215,244,53,264,565,80,1033,348,1358,5143,1514,48,627,244,472,841,49,163,662,52,657,1362,181,37,9,2753,552,269,414,22
208,2024,39,803,84,1056,220,6040,865,742,86,361,7100,2048,717,79,820,1425,24,139,577,727,160,893,1242,1283,379,256,230,42,278,539,76,1063,338,1207,4862,1355,52,586,170,415,716,48,167,548,57,659,1158,158,36,17,2787,586,201,352,14
209,2024,40,758,83,1114,242,6610,828,818,80,272,7214,2099,721,134,900,1563,53,176,816,772,151,1027,1362,1460,399,371,236,32,328,602,79,932,318,1772,4610,1329,128,786,234,402,735,51,146,610,60,606,1441,160,0,19,3059,885,157,356,44
210,2024,41,806,76,1292,237,6713,892,812,84,355,6342,2072,628,262,1057,1631,46,205,934,773,193,1128,1374,1696,407,354,255,45,388,533,91,1044,327,1936,4982,1487,136,977,231,426,843,55,175,645,65,573,1470,182,0,11,3274,922,193,396,57
211,2024,42,856,74,1159,256,6886,871,942,86,360,6700,1919,685,390,971,1822,43,192,1004,782,219,1230,1533,1848,437,294,276,30,328,578,99,1179,370,1965,4740,1596,146,1100,199,389,910,49,186,713,74,565,1403,71,0,10,3630,935,236,423,38
212,2024,43,973,66,1346,281,7538,977,1019,117,437,7538,2637,697,562,1072,1846,57,242,1006,973,257,1451,1674,2053,484,303,250,32,336,642,122,1255,395,2104,5322,1844,133,1250,222,378,1020,30,188,819,73,652,1373,183,0,12,3942,1188,215,471,43
213,2024,44,1062,87,1626,264,7979,1026,922,111,464,8301,2708,744,718,1106,1745,66,215,1180,1013,252,1300,1651,2186,496,332,242,26,344,679,109,1132,395,1914,4858,1906,95,1176,234,432,1017,45,178,840,68,710,1488,194,0,24,3728,1207,252,463,31
214,2024,45,1075,69,1947,275,9253,1116,892,87,414,9565,3025,754,928,1045,1718,31,230,1163,1238,248,1394,1696,2121,545,378,281,28,356,816,105,1157,451,2052,4956,2038,107,1204,217,500,999,63,163,895,82,964,1566,226,0,40,3749,1398,227,448,47
215,2024,46,1212,90,2263,294,10000,1212,914,115,455,10304,3002,718,210,1052,1808,53,264,1191,1461,210,1455,1624,2239,597,377,259,20,373,1020,110,1151,510,2082,5007,2012,94,1268,274,587,1049,84,182,996,58,1019,1916,290,0,20,3789,1613,194,429,40
216,2024,47,1235,84,2665,296,11357,1368,930,136,565,10149,3514,844,362,1201,1994,43,323,1367,1755,219,1651,1795,2504,652,356,290,19,358,1108,129,1260,521,2173,5706,2141,105,1299,306,784,1015,62,151,1001,82,1019,2068,342,0,34,4263,1769,244,545,60
217,2024,48,1451,112,2975,232,10910,1200,1014,113,377,9958,3471,681,381,1167,1856,48,269,1309,2061,184,1409,1768,2404,505,485,303,16,395,1216,112,1269,634,2018,5661,1986,124,1213,299,824,958,51,143,960,78,1099,1554,289,0,11,4057,1864,96,477,36
218,2024,49,1480,161,3298,302,14466,1653,1077,148,489,10510,3486,969,500,1444,2233,76,409,1608,2246,204,1560,2117,2734,737,508,349,26,506,1434,127,1514,705,2381,6905,2443,118,1360,344,1231,1160,83,214,1137,85,1229,1977,353,0,9,4423,2351,228,572,37
219,2024,50,2214,150,3325,392,15731,1852,1164,161,549,11436,3844,1067,663,1755,2607,77,488,2014,3158,207,1624,2491,2964,774,509,410,35,539,1694,149,1671,803,2832,8318,2569,117,1515,375,2226,1212,94,204,1332,88,1918,2124,461,0,21,4874,3174,211,624,25
220,2024,51,3544,232,4513,578,20248,2694,1364,198,612,14419,5017,1118,1592,2180,3038,153,621,3053,4971,234,1844,3142,3986,814,815,456,42,888,2161,211,1893,1341,3543,10056,3162,205,1951,500,3911,1400,115,241,1727,131,2758,2454,660,0,8,5760,4841,196,726,65
221,2024,52,4375,240,5446,643,22744,3538,1624,271,482,17371,7209,1014,1566,3279,4023,111,948,5352,6222,356,2168,4188,6377,1488,946,835,113,1284,2890,420,2454,2244,4020,10981,4123,328,2693,849,4524,2132,149,291,2407,153,3976,2946,888,0,31,6867,6004,230,914,73
222,2025,1,3608,225,5391,512,22335,3582,2164,313,432,16764,6859,1037,1181,3015,3839,111,858,4610,4711,496,2316,5182,6715,1661,740,951,57,1189,2600,419,2469,2244,4334,12218,4900,317,2664,776,3612,2396,148,385,2655,174,3272,2344,844,0,27,7115,5614,242,959,76
223,2025,2,2366,156,4114,352,21306,3186,1991,227,388,15043,5163,1335,793,2227,2376,133,533,2720,2812,454,1789,4705,6152,2008,558,497,53,1005,2192,394,2277,945,3962,13054,3782,355,2048,642,2395,1879,139,374,2280,173,2044,2566,670,0,47,4972,4927,161,919,59
