,YEAR,WEEK,Region 1,Region 10,Region 2,Region 3,Region 4,Region 5,Region 6,Region 7,Region 8,Region 9
0,1997,40,44,76,3,32,46,89,5,27,5,243
1,1997,41,57,62,2,42,44,104,6,15,9,274
2,1997,42,85,46,1,46,54,186,6,13,3,241
3,1997,43,125,11,1,32,17,222,7,16,8,214
4,1997,44,73,21,14,22,43,272,11,12,8,224
5,1997,45,74,32,20,2,45,282,11,9,7,173
6,1997,46,56,57,16,51,62,300,14,31,47,298
7,1997,47,66,24,24,53,65,396,17,29,63,363
8,1997,48,80,17,1,43,60,341,13,13,16,302
9,1997,49,120,21,7,46,76,393,16,24,113,282
10,1997,50,96,23,9,55,110,386,17,37,26,324
11,1997,51,66,46,11,50,86,254,10,22,25,434
12,1997,52,76,45,11,69,304,423,26,20,50,495
13,1997,53,208,53,5,102,133,569,48,64,40,724
14,1998,1,182,63,6,151,333,547,57,72,38,966
15,1998,2,154,71,7,175,325,625,44,122,144,946
16,1998,3,258,127,31,170,246,905,32,222,229,906
17,1998,4,429,103,37,133,331,1277,29,318,218,562
18,1998,5,632,88,40,127,208,1158,49,295,178,579
19,1998,6,497,88,11,122,320,895,45,186,120,333
20,1998,7,411,74,5,110,195,660,35,83,64,311
21,1998,8,197,44,11,67,110,433,29,73,64,261
22,1998,9,98,48,7,60,77,249,16,49,60,163
23,1998,10,40,44,12,56,56,313,16,20,32,159
24,1998,11,20,32,15,49,58,234,8,27,27,115
25,1998,12,19,22,21,45,40,158,3,4,0,174
26,1998,13,14,21,9,44,36,141,1,13,23,56
27,1998,14,13,20,18,39,29,160,0,14,25,50
28,1998,15,5,27,1,29,20,95,2,20,13,50
29,1998,16,6,12,2,42,29,96,2,10,18,48
30,1998,17,3,18,9,18,40,110,0,13,7,48
31,1998,18,5,10,1,17,36,97,0,11,2,30
32,1998,19,4,14,1,19,15,73,0,11,0,49
33,1998,20,2,13,1,21,14,63,0,3,0,48
34,1998,21,0,0,0,0,0,0,0,0,0,0
35,1998,22,0,0,0,0,0,0,0,0,0,0
36,1998,23,0,0,0,0,0,0,0,0,0,0
37,1998,24,0,0,0,0,0,0,0,0,0,0
38,1998,25,0,0,0,0,0,0,0,0,0,0
39,1998,26,0,0,0,0,0,0,0,0,0,0
40,1998,27,0,0,0,0,0,0,0,0,0,0
41,1998,28,0,0,0,0,0,0,0,0,0,0
42,1998,29,0,0,0,0,0,0,0,0,0,0
43,1998,30,0,0,0,0,0,0,0,0,0,0
44,1998,31,0,0,0,0,0,0,0,0,0,0
45,1998,32,0,0,0,0,0,0,0,0,0,0
46,1998,33,0,0,0,0,0,0,0,0,0,0
47,1998,34,0,0,0,0,0,0,0,0,0,0
48,1998,35,0,0,0,0,0,0,0,0,0,0
49,1998,36,0,0,0,0,0,0,0,0,0,0
50,1998,37,0,0,0,0,0,0,0,0,0,0
51,1998,38,0,0,0,0,0,0,0,0,0,0
52,1998,39,0,0,0,0,0,0,0,0,0,0
53,1998,40,45,14,23,48,50,103,2,32,42,131
54,1998,41,38,28,14,49,108,142,6,56,55,109
55,1998,42,62,26,19,60,80,141,46,76,118,155
56,1998,43,37,38,0,64,145,417,17,115,110,143
57,1998,44,47,25,32,123,148,127,88,83,144,217
58,1998,45,67,19,20,106,208,147,45,76,125,209
59,1998,46,68,20,16,100,212,156,73,100,212,221
60,1998,47,40,21,9,166,193,342,59,56,105,217
61,1998,48,68,24,18,128,224,255,60,97,95,207
62,1998,49,71,22,12,130,219,268,58,136,106,180
63,1998,50,48,16,21,110,190,191,71,152,99,243
64,1998,51,68,20,0,115,168,156,51,66,115,305
65,1998,52,70,23,5,104,190,243,162,90,105,431
66,1999,1,101,52,9,112,251,202,151,105,185,612
67,1999,2,153,71,13,215,371,344,338,106,247,549
68,1999,3,203,53,37,283,622,642,344,263,514,903
69,1999,4,246,75,35,327,649,1018,374,318,676,827
70,1999,5,563,81,36,306,722,1694,364,560,612,732
71,1999,6,553,114,27,515,602,1937,316,473,550,681
72,1999,7,448,104,15,353,533,1773,378,468,415,433
73,1999,8,473,86,18,382,537,1436,362,316,333,543
74,1999,9,431,59,17,323,506,1186,274,243,315,556
75,1999,10,252,37,17,277,460,753,178,179,243,526
76,1999,11,139,36,9,295,235,590,128,179,153,306
77,1999,12,128,36,12,195,229,330,84,96,124,462
78,1999,13,67,25,6,114,120,208,63,86,97,305
79,1999,14,51,25,0,82,77,116,24,36,37,184
80,1999,15,26,17,7,74,45,69,10,37,36,75
81,1999,16,21,11,0,60,44,33,6,31,16,49
82,1999,17,28,14,0,60,29,40,9,34,13,172
83,1999,18,9,3,13,51,16,20,1,22,14,31
84,1999,19,12,6,10,73,19,15,2,22,9,124
85,1999,20,1,6,13,62,19,26,0,25,4,127
86,1999,21,0,0,0,0,0,0,0,0,0,0
87,1999,22,0,0,0,0,0,0,0,0,0,0
88,1999,23,0,0,0,0,0,0,0,0,0,0
89,1999,24,0,0,0,0,0,0,0,0,0,0
90,1999,25,0,0,0,0,0,0,0,0,0,0
91,1999,26,0,0,0,0,0,0,0,0,0,0
92,1999,27,0,0,0,0,0,0,0,0,0,0
93,1999,28,0,0,0,0,0,0,0,0,0,0
94,1999,29,0,0,0,0,0,0,0,0,0,0
95,1999,30,0,0,0,0,0,0,0,0,0,0
96,1999,31,0,0,0,0,0,0,0,0,0,0
97,1999,32,0,0,0,0,0,0,0,0,0,0
98,1999,33,0,0,0,0,0,0,0,0,0,0
99,1999,34,0,0,0,0,0,0,0,0,0,0
100,1999,35,0,0,0,0,0,0,0,0,0,0
101,1999,36,0,0,0,0,0,0,0,0,0,0
102,1999,37,0,0,0,0,0,0,0,0,0,0
103,1999,38,0,0,0,0,0,0,0,0,0,0
104,1999,39,0,0,0,0,0,0,0,0,0,0
105,1999,40,22,20,0,73,246,109,8,55,92,166
106,1999,41,50,19,17,74,320,109,68,70,103,167
107,1999,42,30,18,20,82,348,170,44,56,66,233
108,1999,43,40,10,11,56,287,194,44,79,104,264
109,1999,44,95,10,23,80,432,189,123,99,92,427
110,1999,45,69,14,30,77,405,250,114,92,82,437
111,1999,46,78,18,16,82,457,268,148,72,161,401
112,1999,47,86,16,30,47,375,291,211,52,122,603
113,1999,48,136,28,28,78,451,445,367,149,227,575
114,1999,49,166,39,71,93,555,545,369,182,481,763
115,1999,50,224,39,63,130,639,1097,401,346,523,746
116,1999,51,244,56,89,207,810,1282,551,368,733,828
117,1999,52,357,62,84,266,1209,1845,693,568,831,931
118,2000,1,526,53,171,471,1512,1750,686,451,761,891
119,2000,2,485,50,74,398,1268,1224,433,413,431,694
120,2000,3,271,29,89,279,965,773,212,272,272,695
121,2000,4,193,29,37,258,767,558,135,179,178,567
122,2000,5,143,24,59,182,600,459,114,131,200,566
123,2000,6,105,22,68,146,495,455,61,119,155,597
124,2000,7,84,5,35,127,307,270,47,115,108,570
125,2000,8,66,5,26,121,246,181,14,55,68,543
126,2000,9,43,4,45,103,293,203,20,40,112,522
127,2000,10,32,3,32,112,210,163,11,37,46,442
128,2000,11,49,0,36,91,172,120,17,45,32,372
129,2000,12,29,2,18,86,166,110,12,45,38,411
130,2000,13,20,0,43,88,151,97,5,34,32,367
131,2000,14,18,1,41,92,106,78,15,33,36,246
132,2000,15,13,1,24,50,115,73,2,22,30,192
133,2000,16,10,1,11,52,143,58,5,25,6,36
134,2000,17,12,0,15,37,131,55,5,35,23,34
135,2000,18,11,0,9,44,143,60,5,24,0,28
136,2000,19,5,1,11,42,67,54,3,30,11,15
137,2000,20,3,0,0,34,80,38,2,25,0,37
138,2000,21,0,0,0,0,0,0,0,0,0,0
139,2000,22,0,0,0,0,0,0,0,0,0,0
140,2000,23,0,0,0,0,0,0,0,0,0,0
141,2000,24,0,0,0,0,0,0,0,0,0,0
142,2000,25,0,0,0,0,0,0,0,0,0,0
143,2000,26,0,0,0,0,0,0,0,0,0,0
144,2000,27,0,0,0,0,0,0,0,0,0,0
145,2000,28,0,0,0,0,0,0,0,0,0,0
146,2000,29,0,0,0,0,0,0,0,0,0,0
147,2000,30,0,0,0,0,0,0,0,0,0,0
148,2000,31,0,0,0,0,0,0,0,0,0,0
149,2000,32,0,0,0,0,0,0,0,0,0,0
150,2000,33,0,0,0,0,0,0,0,0,0,0
151,2000,34,0,0,0,0,0,0,0,0,0,0
152,2000,35,0,0,0,0,0,0,0,0,0,0
153,2000,36,0,0,0,0,0,0,0,0,0,0
154,2000,37,0,0,0,0,0,0,0,0,0,0
155,2000,38,0,0,0,0,0,0,0,0,0,0
156,2000,39,0,0,0,0,0,0,0,0,0,0
157,2000,40,0,0,0,0,0,0,0,0,0,0
158,2000,41,0,0,0,0,0,0,0,0,0,0
159,2000,42,0,0,0,0,0,0,0,0,0,0
160,2000,43,0,0,0,0,0,0,0,0,0,0
161,2000,44,0,0,0,0,0,0,0,0,0,0
162,2000,45,0,0,0,0,0,0,0,0,0,0
163,2000,46,0,0,0,0,0,0,0,0,0,0
164,2000,47,0,0,0,0,0,0,0,0,0,0
165,2000,48,0,0,0,0,0,0,0,0,0,0
166,2000,49,0,0,0,0,0,0,0,0,0,0
167,2000,50,0,0,0,0,0,0,0,0,0,0
168,2000,51,0,0,0,0,0,0,0,0,0,0
169,2000,52,0,0,0,0,0,0,0,0,0,0
170,2001,1,0,0,0,0,0,0,0,0,0,0
171,2001,2,0,0,0,0,0,0,0,0,0,0
172,2001,3,0,0,0,0,0,0,0,0,0,0
173,2001,4,0,0,0,0,0,0,0,0,0,0
174,2001,5,0,0,0,0,0,0,0,0,0,0
175,2001,6,0,0,0,0,0,0,0,0,0,0
176,2001,7,0,0,0,0,0,0,0,0,0,0
177,2001,8,0,0,0,0,0,0,0,0,0,0
178,2001,9,0,0,0,0,0,0,0,0,0,0
179,2001,10,0,0,0,0,0,0,0,0,0,0
180,2001,11,0,0,0,0,0,0,0,0,0,0
181,2001,12,0,0,0,0,0,0,0,0,0,0
182,2001,13,0,0,0,0,0,0,0,0,0,0
183,2001,14,0,0,0,0,0,0,0,0,0,0
184,2001,15,0,0,0,0,0,0,0,0,0,0
185,2001,16,0,0,0,0,0,0,0,0,0,0
186,2001,17,0,0,0,0,0,0,0,0,0,0
187,2001,18,0,0,0,0,0,0,0,0,0,0
188,2001,19,0,0,0,0,0,0,0,0,0,0
189,2001,20,0,0,0,0,0,0,0,0,0,0
190,2001,21,0,0,0,0,0,0,0,0,0,0
191,2001,22,0,0,0,0,0,0,0,0,0,0
192,2001,23,0,0,0,0,0,0,0,0,0,0
193,2001,24,0,0,0,0,0,0,0,0,0,0
194,2001,25,0,0,0,0,0,0,0,0,0,0
195,2001,26,0,0,0,0,0,0,0,0,0,0
196,2001,27,0,0,0,0,0,0,0,0,0,0
197,2001,28,0,0,0,0,0,0,0,0,0,0
198,2001,29,0,0,0,0,0,0,0,0,0,0
199,2001,30,0,0,0,0,0,0,0,0,0,0
200,2001,31,0,0,0,0,0,0,0,0,0,0
201,2001,32,0,0,0,0,0,0,0,0,0,0
202,2001,33,0,0,0,0,0,0,0,0,0,0
203,2001,34,0,0,0,0,0,0,0,0,0,0
204,2001,35,0,0,0,0,0,0,0,0,0,0
205,2001,36,0,0,0,0,0,0,0,0,0,0
206,2001,37,0,0,0,0,0,0,0,0,0,0
207,2001,38,0,0,0,0,0,0,0,0,0,0
208,2001,39,0,0,0,0,0,0,0,0,0,0
209,2001,40,93,15,81,87,230,314,17,145,19,367
210,2001,41,122,26,118,117,316,466,23,116,82,361
211,2001,42,171,25,128,117,334,446,33,110,76,492
212,2001,43,196,16,176,163,355,542,32,128,88,508
213,2001,44,166,44,176,155,561,555,36,156,53,469
214,2001,45,158,32,210,155,417,709,44,125,74,403
215,2001,46,104,17,164,136,415,615,44,125,84,804
216,2001,47,125,31,130,126,277,571,8,107,82,633
217,2001,48,143,44,176,120,437,723,34,117,117,655
218,2001,49,152,49,189,126,302,644,43,99,161,510
219,2001,50,158,41,161,119,273,580,25,98,146,568
220,2001,51,135,35,151,145,282,645,71,96,163,555
221,2001,52,164,26,169,138,309,601,48,77,142,591
222,2002,1,179,41,192,184,319,753,15,71,183,631
223,2002,2,219,30,249,142,500,655,39,120,263,658
224,2002,3,220,51,347,267,795,752,146,122,405,638
225,2002,4,297,49,747,324,881,962,130,269,416,722
226,2002,5,519,34,692,380,916,1059,249,325,537,846
227,2002,6,509,73,400,353,956,1327,183,400,517,906
228,2002,7,552,115,311,317,946,1620,229,469,334,1031
229,2002,8,405,56,290,287,1029,1698,213,356,282,1144
230,2002,9,304,41,237,351,980,1544,206,296,246,899
231,2002,10,157,50,222,251,489,1073,117,262,171,839
232,2002,11,126,46,298,252,359,801,114,157,164,660
233,2002,12,115,47,215,217,289,760,42,129,42,561
234,2002,13,101,74,135,155,187,670,14,81,46,616
235,2002,14,113,36,118,158,200,533,18,110,50,319
236,2002,15,79,13,63,146,87,365,49,91,32,244
237,2002,16,98,10,56,105,89,303,3,87,30,237
238,2002,17,52,5,44,89,110,214,0,71,17,228
239,2002,18,27,0,34,90,49,158,0,66,23,225
240,2002,19,28,3,34,72,84,178,0,57,26,191
241,2002,20,31,2,29,59,44,117,0,65,27,202
242,2002,21,0,0,0,0,0,0,0,0,0,0
243,2002,22,0,0,0,0,0,0,0,0,0,0
244,2002,23,0,0,0,0,0,0,0,0,0,0
245,2002,24,0,0,0,0,0,0,0,0,0,0
246,2002,25,0,0,0,0,0,0,0,0,0,0
247,2002,26,0,0,0,0,0,0,0,0,0,0
248,2002,27,0,0,0,0,0,0,0,0,0,0
249,2002,28,0,0,0,0,0,0,0,0,0,0
250,2002,29,0,0,0,0,0,0,0,0,0,0
251,2002,30,0,0,0,0,0,0,0,0,0,0
252,2002,31,0,0,0,0,0,0,0,0,0,0
253,2002,32,0,0,0,0,0,0,0,0,0,0
254,2002,33,0,0,0,0,0,0,0,0,0,0
255,2002,34,0,0,0,0,0,0,0,0,0,0
256,2002,35,0,0,0,0,0,0,0,0,0,0
257,2002,36,0,0,0,0,0,0,0,0,0,0
258,2002,37,0,0,0,0,0,0,0,0,0,0
259,2002,38,0,0,0,0,0,0,0,0,0,0
260,2002,39,0,0,0,0,0,0,0,0,0,0
261,2002,40,119,2,205,128,499,518,13,111,120,345
262,2002,41,87,10,335,112,516,603,19,89,103,393
263,2002,42,75,14,293,159,493,596,31,106,118,291
264,2002,43,108,12,336,163,568,650,46,107,168,441
265,2002,44,115,22,329,157,664,728,81,128,225,458
266,2002,45,104,22,369,220,702,786,121,165,174,562
267,2002,46,88,28,380,188,644,774,88,147,184,576
268,2002,47,88,8,342,195,675,685,130,109,205,530
269,2002,48,110,15,322,218,573,587,94,86,218,486
270,2002,49,125,18,414,202,622,631,106,166,224,541
271,2002,50,122,23,326,208,590,686,211,148,258,385
272,2002,51,132,16,396,177,682,659,407,208,299,440
273,2002,52,99,10,310,180,638,620,143,194,222,441
274,2003,1,110,21,269,176,944,695,151,229,229,436
275,2003,2,109,30,281,235,841,737,256,213,316,711
276,2003,3,190,32,415,213,1010,800,259,286,306,693
277,2003,4,207,28,362,339,1462,1315,523,434,436,590
278,2003,5,288,14,378,372,2205,1622,394,476,721,609
279,2003,6,449,46,428,563,2144,1778,309,362,759,944
280,2003,7,504,43,427,602,2045,1538,388,232,894,976
281,2003,8,395,52,339,515,2052,1466,131,201,937,1140
282,2003,9,337,36,258,441,1202,1094,130,229,770,1109
283,2003,10,291,42,137,276,998,877,191,138,692,808
284,2003,11,249,36,215,302,726,656,110,129,540,847
285,2003,12,119,30,195,246,716,580,71,110,375,545
286,2003,13,92,25,161,202,676,368,53,101,324,437
287,2003,14,75,6,158,162,518,379,51,89,251,339
288,2003,15,56,7,149,173,572,270,47,82,207,519
289,2003,16,57,13,88,135,419,233,43,83,121,275
290,2003,17,51,10,78,174,479,222,29,83,84,235
291,2003,18,48,3,66,122,341,130,23,84,54,204
292,2003,19,48,2,51,156,361,117,15,60,20,175
293,2003,20,31,3,98,119,162,141,7,82,13,180
294,2003,21,13,11,74,86,261,72,17,33,3,170
295,2003,22,13,3,101,84,168,60,16,55,3,138
296,2003,23,5,3,62,75,170,60,13,34,3,138
297,2003,24,7,1,67,109,229,55,11,29,0,112
298,2003,25,17,0,48,71,146,31,8,23,1,78
299,2003,26,10,1,33,84,112,46,18,22,0,115
300,2003,27,7,0,29,66,62,37,6,18,4,89
301,2003,28,8,1,50,82,119,41,8,25,0,107
302,2003,29,7,1,36,47,146,25,11,23,0,69
303,2003,30,9,2,55,48,178,28,9,16,1,74
304,2003,31,9,1,39,53,107,47,3,22,3,77
305,2003,32,15,0,39,66,154,50,13,20,0,86
306,2003,33,9,0,41,63,142,39,14,17,1,95
307,2003,34,9,0,65,52,147,42,11,20,0,104
308,2003,35,20,0,54,59,143,49,13,22,2,101
309,2003,36,11,0,49,70,178,42,16,20,1,132
310,2003,37,5,1,62,78,111,43,18,46,2,109
311,2003,38,5,3,65,93,59,49,16,55,1,115
312,2003,39,32,3,92,76,92,62,25,40,1,110
313,2003,40,86,24,118,163,744,458,76,94,123,556
314,2003,41,84,24,175,176,988,494,128,154,255,454
315,2003,42,116,36,169,163,1038,497,162,114,306,430
316,2003,43,123,44,179,173,1239,569,358,143,197,450
317,2003,44,168,84,233,334,1556,526,720,180,371,518
318,2003,45,186,89,243,351,1720,608,1360,156,513,564
319,2003,46,199,159,326,512,2108,892,1419,235,1591,944
320,2003,47,275,309,376,748,2385,1225,1316,238,2928,1341
321,2003,48,259,333,330,882,2420,1432,952,489,2938,1707
322,2003,49,563,384,665,1153,5032,2839,1715,879,3201,2517
323,2003,50,1225,350,1358,1485,7102,5247,1420,1861,2367,2547
324,2003,51,1501,290,1394,1621,7246,5754,1021,1180,1475,2217
325,2003,52,1134,118,1065,1352,4849,4041,589,798,881,1588
326,2003,53,931,104,622,1161,3113,2650,472,422,690,1167
327,2004,1,694,66,450,769,2418,1486,329,219,512,659
328,2004,2,422,39,290,591,1688,1091,305,145,347,665
329,2004,3,302,51,253,466,1447,920,229,155,450,688
330,2004,4,174,69,244,341,1487,765,259,139,405,553
331,2004,5,131,44,218,382,1305,819,167,114,389,682
332,2004,6,116,51,176,508,1143,705,140,138,329,518
333,2004,7,100,35,199,477,1161,564,130,128,286,611
334,2004,8,79,25,176,436,784,590,91,117,186,432
335,2004,9,63,28,113,401,789,505,94,106,224,421
336,2004,10,63,29,145,517,668,534,71,122,172,387
337,2004,11,61,19,121,411,716,476,61,59,166,397
338,2004,12,57,13,142,384,577,491,56,76,152,352
339,2004,13,48,13,141,386,462,353,47,38,96,274
340,2004,14,30,10,104,251,508,353,45,44,96,264
341,2004,15,34,16,89,334,469,383,39,43,89,253
342,2004,16,38,8,106,306,483,342,30,25,66,211
343,2004,17,23,12,79,257,412,280,28,35,14,191
344,2004,18,22,14,83,228,401,325,23,63,12,223
345,2004,19,29,12,89,215,395,280,13,42,12,240
346,2004,20,33,9,80,251,321,297,12,34,3,222
347,2004,21,11,6,83,139,349,278,7,31,51,115
348,2004,22,10,11,74,74,338,317,9,13,67,148
349,2004,23,9,5,79,80,267,312,13,73,46,103
350,2004,24,6,2,59,85,250,268,10,17,37,117
351,2004,25,8,1,45,172,232,253,7,31,47,91
352,2004,26,6,1,12,54,225,235,6,25,50,84
353,2004,27,6,0,29,48,232,235,21,12,37,90
354,2004,28,6,2,57,126,269,229,11,26,35,75
355,2004,29,3,1,48,11,235,202,19,22,37,81
356,2004,30,4,0,49,44,271,189,13,20,45,84
357,2004,31,6,3,36,127,217,184,7,33,42,78
358,2004,32,8,2,43,146,232,212,7,28,51,80
359,2004,33,18,1,33,50,296,214,17,32,39,70
360,2004,34,9,2,36,58,297,225,19,33,37,83
361,2004,35,10,1,40,156,326,252,21,35,28,91
362,2004,36,12,1,53,54,318,256,17,34,61,107
363,2004,37,13,0,60,190,298,285,23,40,68,145
364,2004,38,11,1,92,131,302,292,28,36,60,136
365,2004,39,14,1,57,198,307,266,22,60,51,140
366,2004,40,85,39,209,423,902,625,281,86,167,354
367,2004,41,119,46,148,625,1103,675,231,82,200,402
368,2004,42,105,54,177,638,1249,683,382,118,289,324
369,2004,43,119,56,226,819,1170,810,255,104,317,493
370,2004,44,146,71,210,746,1113,895,276,147,379,568
371,2004,45,214,96,228,719,1284,906,320,149,433,620
372,2004,46,158,85,324,590,1425,951,246,143,309,752
373,2004,47,147,125,270,646,1286,859,267,112,289,712
374,2004,48,260,112,336,752,1638,953,378,130,264,584
375,2004,49,292,107,466,786,1453,961,261,144,334,624
376,2004,50,301,112,491,779,1635,930,292,170,363,682
377,2004,51,431,105,674,674,1386,843,296,192,266,822
378,2004,52,624,136,751,946,1536,1277,352,179,377,1101
379,2005,1,701,140,751,1059,1533,1470,451,202,668,1066
380,2005,2,656,196,648,964,1489,1621,423,237,765,1324
381,2005,3,697,181,522,879,1950,1919,636,410,839,1295
382,2005,4,678,182,641,1169,2934,2648,886,571,1069,1644
383,2005,5,708,174,700,1782,3724,3656,1600,834,1261,1753
384,2005,6,751,270,811,1880,5163,4340,1950,978,1364,1862
385,2005,7,612,239,694,2505,5177,4391,2023,689,1444,2157
386,2005,8,456,335,617,1607,4825,3714,1576,532,1174,1794
387,2005,9,377,261,504,1251,3971,3001,1094,391,965,1419
388,2005,10,304,234,464,1225,3600,2350,960,260,671,1533
389,2005,11,270,136,401,1169,2732,1979,662,232,583,1338
390,2005,12,206,135,409,905,2352,1465,452,159,568,1249
391,2005,13,225,95,321,735,1708,1304,389,104,462,986
392,2005,14,167,68,233,511,1313,848,321,77,388,890
393,2005,15,120,67,224,526,1042,749,288,27,368,1034
394,2005,16,109,25,182,517,969,679,307,29,243,765
395,2005,17,107,42,163,393,1024,516,349,10,226,816
396,2005,18,96,42,124,392,811,463,258,43,174,587
397,2005,19,35,36,143,407,782,477,275,19,186,652
398,2005,20,33,33,102,251,735,392,197,12,161,615
399,2005,21,39,38,73,183,594,377,177,4,107,464
400,2005,22,23,79,87,191,607,398,162,7,105,440
401,2005,23,35,35,102,182,486,241,142,0,128,393
402,2005,24,24,5,75,155,479,317,132,0,121,306
403,2005,25,24,17,73,129,462,323,110,0,81,409
404,2005,26,24,11,69,134,414,301,105,4,3,294
405,2005,27,21,16,32,127,364,303,82,2,8,243
406,2005,28,32,20,60,134,303,264,111,0,5,219
407,2005,29,23,18,59,148,272,283,94,5,8,158
408,2005,30,21,15,46,116,304,251,101,3,13,120
409,2005,31,15,9,54,145,292,246,91,1,5,124
410,2005,32,16,13,47,166,327,268,80,0,4,102
411,2005,33,25,20,34,61,331,244,71,2,6,134
412,2005,34,22,11,9,148,200,260,109,3,5,155
413,2005,35,14,21,44,126,208,257,209,5,6,143
414,2005,36,25,24,64,180,193,281,132,2,8,152
415,2005,37,21,17,57,244,148,270,138,4,9,118
416,2005,38,30,23,95,230,169,293,190,17,12,160
417,2005,39,35,17,94,251,212,243,171,8,15,158
418,2005,40,167,33,281,515,602,609,220,65,585,509
419,2005,41,156,52,300,501,864,732,241,39,163,534
420,2005,42,216,49,349,379,1074,816,287,50,267,635
421,2005,43,218,53,341,425,1088,844,287,74,236,682
422,2005,44,224,59,514,469,1198,970,310,61,254,946
423,2005,45,302,77,524,511,1227,870,371,66,268,822
424,2005,46,293,81,469,496,1289,919,462,79,297,891
425,2005,47,258,64,393,430,1216,906,365,71,192,907
426,2005,48,270,98,582,532,1370,1027,489,101,403,1094
427,2005,49,281,124,512,457,1602,905,514,62,388,1526
428,2005,50,267,185,498,505,1676,914,710,74,752,2116
429,2005,51,231,176,489,530,1723,966,926,117,901,2518
430,2005,52,293,200,455,655,2014,1138,1132,149,942,1864
431,2006,1,239,132,364,808,2057,1312,1188,130,637,1472
432,2006,2,272,162,429,934,2017,1202,1162,220,533,951
433,2006,3,264,128,379,977,2033,1174,1314,296,474,819
434,2006,4,340,118,487,977,2445,1411,1431,392,505,1008
435,2006,5,430,147,603,710,2795,1485,1329,436,579,1037
436,2006,6,483,128,717,991,3282,1765,1187,473,588,813
437,2006,7,545,98,593,1002,3652,1852,1472,435,599,978
438,2006,8,555,126,541,1315,3804,2091,1354,479,694,942
439,2006,9,613,120,623,1167,3426,2076,1387,354,746,831
440,2006,10,614,152,554,1690,2693,2292,1179,270,767,1050
441,2006,11,515,162,446,1489,2225,1897,751,152,609,1076
442,2006,12,488,138,533,1176,1519,1611,732,135,612,1120
443,2006,13,460,90,426,1103,1473,1464,748,101,445,1003
444,2006,14,426,74,242,652,1133,1066,832,55,324,934
445,2006,15,385,66,299,473,764,799,671,48,266,776
446,2006,16,273,120,227,394,671,660,519,30,142,514
447,2006,17,190,100,231,273,691,533,504,28,122,505
448,2006,18,154,82,182,256,626,450,386,31,120,493
449,2006,19,118,69,147,320,572,437,388,43,69,429
450,2006,20,45,73,125,292,626,421,366,25,100,355
451,2006,21,43,55,143,238,554,387,252,25,60,304
452,2006,22,39,57,96,216,452,221,299,28,58,179
453,2006,23,28,59,49,184,401,271,309,25,527,222
454,2006,24,33,47,90,143,355,273,201,20,39,229
455,2006,25,26,45,83,137,308,242,204,23,48,184
456,2006,26,29,28,33,142,288,229,216,23,38,245
457,2006,27,32,37,68,134,248,212,220,17,51,196
458,2006,28,26,29,67,137,319,229,198,17,372,223
459,2006,29,20,39,27,128,313,232,162,19,460,153
460,2006,30,22,33,26,125,310,175,197,26,378,163
461,2006,31,17,26,28,122,241,239,201,27,394,133
462,2006,32,25,37,33,66,192,165,227,22,448,158
463,2006,33,15,42,22,105,185,233,275,22,410,148
464,2006,34,19,47,22,91,234,245,246,25,50,159
465,2006,35,33,44,23,108,220,254,337,27,52,126
466,2006,36,20,59,19,148,279,310,330,28,67,203
467,2006,37,34,48,32,125,277,304,254,20,51,261
468,2006,38,17,45,42,133,290,328,246,24,56,306
469,2006,39,35,59,45,103,242,282,290,30,82,265
470,2006,40,143,81,117,499,987,830,342,89,868,557
471,2006,41,129,85,151,478,1037,839,434,86,191,642
472,2006,42,186,71,226,528,1123,885,752,138,189,639
473,2006,43,202,101,220,490,1266,913,755,149,141,651
474,2006,44,236,84,219,522,1474,912,835,155,142,801
475,2006,45,205,95,290,429,1712,1013,1191,154,282,768
476,2006,46,244,85,322,518,1963,1186,1260,157,195,738
477,2006,47,248,90,372,485,1811,903,1179,132,193,743
478,2006,48,235,107,534,638,2330,1155,1237,220,206,868
479,2006,49,282,108,478,625,2702,1253,1299,262,141,972
480,2006,50,326,124,526,707,4130,1403,1603,296,219,1062
481,2006,51,271,116,645,719,3769,1601,1389,378,249,1055
482,2006,52,338,108,435,695,2453,1858,1360,375,296,995
483,2007,1,359,104,598,694,2021,1673,1255,335,245,1102
484,2007,2,309,137,490,612,1839,1508,1198,318,255,1095
485,2007,3,380,167,512,598,1776,1473,1150,346,266,1241
486,2007,4,309,212,691,708,2389,1895,2096,536,349,1703
487,2007,5,419,235,670,621,2623,2462,2127,678,373,1912
488,2007,6,520,345,730,774,3335,2458,2699,672,422,2242
489,2007,7,496,357,703,673,3391,2446,2755,575,791,1844
490,2007,8,512,272,648,679,3504,2460,2940,572,753,1708
491,2007,9,520,279,547,749,2735,2091,2433,344,708,1395
492,2007,10,459,203,579,779,2299,2174,1891,272,668,1391
493,2007,11,417,201,731,764,1742,1973,1652,266,648,1203
494,2007,12,353,164,522,565,1499,1990,853,149,487,980
495,2007,13,377,158,477,606,1055,1245,935,103,374,818
496,2007,14,322,58,363,426,813,885,1026,93,283,689
497,2007,15,284,53,275,364,973,818,1059,99,168,776
498,2007,16,214,60,219,309,867,800,792,95,198,625
499,2007,17,180,73,206,224,781,737,725,83,126,560
500,2007,18,127,50,168,180,607,594,650,65,119,517
501,2007,19,94,53,140,221,503,520,644,84,124,477
502,2007,20,37,39,157,170,402,496,595,63,88,395
503,2007,21,33,60,165,175,383,498,505,20,69,335
504,2007,22,41,58,129,134,386,384,515,20,95,296
505,2007,23,25,29,105,118,262,305,456,14,75,290
506,2007,24,35,22,115,113,241,269,433,10,81,295
507,2007,25,41,35,109,101,169,277,383,12,65,264
508,2007,26,42,19,74,92,194,261,431,13,70,259
509,2007,27,32,32,85,66,205,220,283,14,63,169
510,2007,28,37,29,52,87,239,166,207,11,86,172
511,2007,29,31,27,53,69,172,230,378,18,84,149
512,2007,30,18,35,65,72,264,228,414,14,73,173
513,2007,31,20,27,50,58,163,150,320,10,63,176
514,2007,32,21,29,45,61,217,250,264,14,83,188
515,2007,33,26,33,72,74,235,237,356,13,66,171
516,2007,34,31,28,69,68,259,249,419,11,66,248
517,2007,35,32,28,44,91,292,298,406,15,77,243
518,2007,36,29,27,32,135,318,340,282,17,92,282
519,2007,37,33,36,41,129,226,329,500,30,70,300
520,2007,38,43,44,44,131,174,381,710,25,72,289
521,2007,39,62,59,67,526,142,371,566,18,59,358
522,2007,40,173,53,1082,629,1404,695,866,72,172,495
523,2007,41,189,73,1051,782,1509,752,1076,48,268,696
524,2007,42,190,65,1281,722,1618,813,1159,101,274,718
525,2007,43,244,73,1332,786,1615,959,1253,116,280,776
526,2007,44,249,107,1528,753,1766,927,1371,165,365,684
527,2007,45,241,139,1678,832,2006,1070,1474,103,389,755
528,2007,46,209,144,1657,898,2534,1147,1357,101,417,640
529,2007,47,211,142,1613,953,2229,922,1419,104,267,710
530,2007,48,251,111,1852,983,2194,1037,1563,120,290,770
531,2007,49,256,131,1728,921,2082,1016,1065,175,321,741
532,2007,50,222,136,1896,412,2093,1064,869,174,293,932
533,2007,51,197,117,1867,1100,2094,1161,805,113,342,954
534,2007,52,215,105,1968,1047,1959,1227,858,156,316,1051
535,2008,1,245,117,2000,1041,1998,1418,1170,181,310,1226
536,2008,2,266,140,1910,1105,2062,1500,2024,235,388,1485
537,2008,3,228,192,2019,1222,2568,1911,1786,267,381,1623
538,2008,4,309,252,2564,1560,3834,2614,2928,416,542,2152
539,2008,5,507,353,3246,1987,6558,3619,4462,818,823,2439
540,2008,6,922,391,3952,3095,9549,4583,4480,1083,1025,2816
541,2008,7,1049,382,3998,3057,8406,4787,4175,1330,1260,3181
542,2008,8,1017,425,3745,3107,8484,4673,3428,1443,1399,2524
543,2008,9,940,346,3296,2399,6495,4198,2693,1316,1341,2003
544,2008,10,860,223,3006,1918,4575,3568,2478,894,1210,1522
545,2008,11,612,215,2808,1576,3705,3153,1588,604,1056,1397
546,2008,12,494,170,2272,1269,2793,2477,1359,391,770,1045
547,2008,13,365,122,2028,999,2134,1926,991,367,524,920
548,2008,14,324,97,1707,834,1775,1431,1084,307,349,675
549,2008,15,257,98,1479,732,1492,1078,950,171,259,529
550,2008,16,191,64,1247,630,1234,914,907,152,222,518
551,2008,17,165,72,1011,568,1161,758,434,105,176,503
552,2008,18,125,87,886,554,962,648,355,62,144,401
553,2008,19,72,77,975,517,826,541,424,55,145,379
554,2008,20,46,67,939,554,856,490,384,34,131,403
555,2008,21,30,80,980,527,806,476,344,40,118,245
556,2008,22,27,57,1091,557,676,572,512,23,92,196
557,2008,23,39,53,980,425,529,367,275,26,80,159
558,2008,24,26,65,912,405,495,279,434,26,89,175
559,2008,25,27,66,930,382,445,331,344,25,99,193
560,2008,26,24,37,829,367,460,252,264,32,80,189
561,2008,27,25,36,786,351,412,229,294,27,73,172
562,2008,28,29,50,735,335,422,232,324,29,68,207
563,2008,29,31,42,708,289,341,209,414,23,79,183
564,2008,30,31,53,603,271,402,219,313,29,58,187
565,2008,31,25,70,605,298,384,266,390,23,66,162
566,2008,32,17,30,635,254,382,312,336,27,67,160
567,2008,33,19,37,590,269,547,253,353,22,75,203
568,2008,34,32,41,560,287,501,268,263,18,82,185
569,2008,35,36,39,630,270,757,286,137,17,88,169
570,2008,36,35,48,659,344,580,276,227,24,82,186
571,2008,37,42,38,623,315,562,302,532,36,134,204
572,2008,38,45,72,927,564,856,314,598,26,122,211
573,2008,39,48,64,967,605,771,304,256,22,104,259
574,2008,40,160,90,1014,893,1526,598,650,73,139,544
575,2008,41,190,100,1154,848,1688,644,574,53,104,604
576,2008,42,140,125,1136,836,1553,687,477,100,200,642
577,2008,43,199,121,1126,1010,1876,770,513,70,161,639
578,2008,44,226,135,1159,1071,2289,688,722,43,135,519
579,2008,45,287,157,1338,1241,2134,835,543,40,172,550
580,2008,46,266,119,1384,1261,2482,846,522,61,121,605
581,2008,47,252,118,1431,1153,2438,878,633,106,113,611
582,2008,48,201,90,1662,1222,2275,861,554,54,140,575
583,2008,49,304,136,1934,1433,2518,904,641,48,142,648
584,2008,50,276,133,1875,1435,2625,974,536,43,150,642
585,2008,51,218,134,2103,395,2450,906,700,69,128,709
586,2008,52,201,80,2045,1592,2446,872,637,35,143,655
587,2008,53,196,121,2196,882,2445,917,688,40,142,976
588,2009,1,216,95,2036,1450,2195,959,709,63,154,1079
589,2009,2,268,126,2007,1374,2278,928,946,62,167,1133
590,2009,3,342,144,2376,1611,2905,1142,1441,91,238,1166
591,2009,4,489,155,2720,2098,3809,1358,1825,149,296,1425
592,2009,5,1066,208,2912,2564,5082,1920,2298,204,423,1591
593,2009,6,1293,245,3163,3594,6356,2131,2511,254,453,1667
594,2009,7,1061,349,3163,3694,5125,2189,2104,279,336,1722
595,2009,8,941,364,2696,4147,5550,2256,1765,377,549,1805
596,2009,9,581,387,2403,3433,4896,2531,1534,432,572,1672
597,2009,10,462,409,2478,2465,4208,2132,1280,268,572,1437
598,2009,11,424,350,2362,2265,3118,1657,1118,252,498,1233
599,2009,12,340,263,2177,2032,2587,1436,845,178,388,1154
600,2009,13,296,222,1805,1699,2028,1219,691,178,348,1183
601,2009,14,210,192,1624,1487,1720,1037,836,119,202,1033
602,2009,15,117,148,1289,1249,1693,984,537,85,232,888
603,2009,16,133,139,1285,1063,1692,913,687,90,275,1071
604,2009,17,387,267,4852,2267,3520,2013,1807,148,363,3003
605,2009,18,299,334,3234,2186,3152,1647,1431,127,383,1785
606,2009,19,241,234,4704,1533,1748,1285,1197,116,253,1243
607,2009,20,143,230,13809,1436,1459,1262,875,96,253,1211
608,2009,21,170,149,15955,1340,1336,1163,843,85,282,1071
609,2009,22,310,173,11050,1215,1103,1224,714,47,392,877
610,2009,23,278,131,6496,1599,1102,1192,502,39,297,756
611,2009,24,256,128,4294,1942,1223,1187,603,26,394,727
612,2009,25,150,127,2825,1646,1471,880,563,46,334,759
613,2009,26,150,92,1932,1384,1576,618,666,38,225,741
614,2009,27,123,79,1417,1155,1268,600,662,37,140,809
615,2009,28,93,66,1071,997,1471,553,687,50,117,859
616,2009,29,82,74,1008,930,1566,527,654,64,73,757
617,2009,30,71,107,925,904,1576,530,531,54,131,758
618,2009,31,59,76,940,918,1524,590,507,46,77,789
619,2009,32,44,103,969,856,1804,588,613,79,93,728
620,2009,33,75,106,973,966,3436,583,1753,117,104,828
621,2009,34,102,339,1167,1062,6159,778,3224,641,144,940
622,2009,35,144,381,1426,1318,10272,1583,3982,516,331,1397
623,2009,36,174,440,1775,2159,9906,2150,3367,610,483,1497
624,2009,37,350,408,1828,2961,9923,2307,5142,652,777,1743
625,2009,38,486,507,2133,3349,8539,2279,3444,933,974,1810
626,2009,39,447,779,1904,3578,8446,2467,5356,1002,1609,2331
627,2009,40,665,1605,2402,6445,11213,4968,9116,2602,4706,4698
628,2009,41,930,1718,2745,9239,10352,7224,9027,3878,7201,5882
629,2009,42,1883,1559,4780,15928,9814,11269,7747,4409,7275,4404
630,2009,43,3222,1243,6327,16526,9640,10959,5809,3135,4902,4648
631,2009,44,4703,819,6263,11369,8489,8776,5606,2561,4171,4260
632,2009,45,3365,653,6135,7475,7048,6334,4183,1709,2445,3382
633,2009,46,2273,452,5020,4818,6212,4155,3502,984,1616,3488
634,2009,47,861,231,4334,2868,4517,2315,2740,678,1094,2870
635,2009,48,775,289,3848,2604,4754,1992,3014,760,817,2877
636,2009,49,595,220,3348,2505,4170,1889,2749,574,824,2451
637,2009,50,434,171,3182,2271,3880,1448,2427,453,746,2069
638,2009,51,270,145,2719,2164,3452,1454,1979,364,507,1521
639,2009,52,267,175,3010,2203,3414,1417,2334,381,602,1810
640,2010,1,276,193,2342,2114,3052,1314,2278,418,591,1721
641,2010,2,235,169,2270,1856,3124,1239,2614,360,445,1776
642,2010,3,278,178,2432,1811,3525,1326,2463,471,691,1582
643,2010,4,302,257,2072,2010,3459,1319,2331,443,883,2046
644,2010,5,352,227,2204,1734,3728,1441,2744,682,763,2162
645,2010,6,327,229,2205,1424,3651,1493,2323,691,792,2246
646,2010,7,366,287,2029,1470,3846,1407,2741,707,645,1567
647,2010,8,288,249,1713,1569,4307,1152,3035,650,867,2257
648,2010,9,234,201,1424,1738,3558,1032,2629,764,769,2137
649,2010,10,228,176,1489,1697,4068,896,2661,542,739,1858
650,2010,11,183,146,1710,1605,3277,922,1841,548,606,1763
651,2010,12,189,114,1632,1470,2897,754,1671,379,590,1495
652,2010,13,191,99,1563,1331,2525,730,1390,323,542,1665
653,2010,14,249,110,1258,1101,2050,670,1283,302,488,1302
654,2010,15,170,78,1488,1007,2002,706,1262,236,455,1397
655,2010,16,124,73,1492,1108,1875,563,1146,195,578,1208
656,2010,17,120,115,1450,1124,1800,609,1257,207,493,1265
657,2010,18,161,73,1353,1147,1707,606,1128,172,381,1186
658,2010,19,107,85,1308,998,1746,484,1083,222,395,1269
659,2010,20,114,63,1284,1099,1697,647,895,163,391,1250
660,2010,21,122,54,1143,1016,1493,595,896,146,318,1070
661,2010,22,94,72,1117,1011,1491,597,821,89,281,1022
662,2010,23,102,40,1008,868,1328,571,699,122,194,823
663,2010,24,92,43,1010,901,1158,573,533,90,158,758
664,2010,25,91,53,1106,746,1135,565,601,98,155,784
665,2010,26,79,23,1020,656,1070,482,489,80,124,695
666,2010,27,84,36,999,722,1017,481,488,76,132,656
667,2010,28,75,43,878,569,845,437,492,80,146,669
668,2010,29,89,40,810,577,837,334,506,68,107,582
669,2010,30,79,46,825,538,837,317,404,111,136,557
670,2010,31,78,44,863,555,874,402,467,54,98,642
671,2010,32,91,44,780,535,1009,451,350,60,119,569
672,2010,33,71,49,795,620,1090,500,576,51,140,626
673,2010,34,69,47,701,667,1335,424,538,84,160,395
674,2010,35,57,36,703,679,1365,455,791,86,216,619
675,2010,36,77,69,894,815,1466,558,828,94,245,447
676,2010,37,101,58,907,869,1137,589,739,109,259,742
677,2010,38,115,68,1184,1018,1441,656,843,124,260,1032
678,2010,39,97,80,1082,930,1383,521,963,151,237,943
679,2010,40,252,87,1259,1119,1830,758,1638,216,315,999
680,2010,41,307,159,1494,1276,2008,900,1575,227,257,1144
681,2010,42,338,139,1419,1314,2059,987,1705,241,291,1191
682,2010,43,345,158,1476,1335,2208,1003,1693,213,306,1167
683,2010,44,338,182,1518,1357,2567,1129,1967,178,354,1430
684,2010,45,302,175,1804,1495,3030,1073,2093,306,290,1239
685,2010,46,395,204,2047,1512,3832,1072,2065,270,318,1621
686,2010,47,321,155,2172,1464,3537,917,1708,162,236,1407
687,2010,48,412,156,2799,1659,3522,1037,2076,323,344,1669
688,2010,49,423,161,3010,1605,4034,1091,1952,318,339,2025
689,2010,50,440,124,3680,1574,6018,1138,2221,362,326,2139
690,2010,51,405,166,4471,1858,6596,1341,2400,335,302,2025
691,2010,52,411,186,4173,2131,6147,1613,3062,375,332,1916
692,2011,1,508,190,3873,2380,5506,1677,2909,389,357,2237
693,2011,2,555,242,3496,2754,4962,1928,3535,380,409,2460
694,2011,3,568,276,3251,3895,6652,2720,5130,489,627,2649
695,2011,4,780,335,3060,4800,8480,3783,5714,878,781,3364
696,2011,5,929,379,3110,5633,9072,3708,6357,862,967,3267
697,2011,6,1198,417,3338,5488,8788,3668,5785,943,1238,3593
698,2011,7,1339,578,3363,5605,8188,3659,7688,1186,1274,3687
699,2011,8,1252,505,3238,4889,6697,3236,5715,1276,1163,3306
700,2011,9,1035,572,2653,3835,4467,2962,3853,1056,1104,3090
701,2011,10,960,544,2283,2830,3443,2557,2944,838,1002,2976
702,2011,11,756,389,2216,2443,2968,2215,2462,500,815,2545
703,2011,12,616,336,2042,1869,2490,1717,2031,353,676,1901
704,2011,13,683,242,2068,1765,2302,1558,1674,257,498,1910
705,2011,14,579,212,2093,1533,2009,1295,1562,230,361,1624
706,2011,15,499,193,1702,1133,1775,929,1177,196,331,1456
707,2011,16,390,152,1626,1121,1606,892,1089,148,272,1399
708,2011,17,368,132,1385,907,1516,757,1074,116,253,1322
709,2011,18,341,120,1300,936,1399,714,1002,84,215,1196
710,2011,19,286,96,1436,936,1331,787,987,95,186,1096
711,2011,20,274,110,1237,953,1273,616,884,91,185,907
712,2011,21,294,85,1439,863,1124,529,716,73,155,794
713,2011,22,247,94,1282,841,1215,675,697,25,123,747
714,2011,23,294,81,1263,836,1009,531,616,26,122,769
715,2011,24,246,73,1181,806,848,428,673,8,116,610
716,2011,25,214,83,1032,653,763,424,575,24,88,592
717,2011,26,187,73,949,633,698,506,513,8,84,567
718,2011,27,183,50,849,636,757,485,456,10,104,479
719,2011,28,203,44,740,542,684,328,553,8,86,533
720,2011,29,207,44,640,525,686,418,499,18,110,450
721,2011,30,188,38,692,513,629,416,515,19,104,424
722,2011,31,183,28,651,494,570,438,479,11,126,222
723,2011,32,194,41,675,507,719,394,470,12,109,402
724,2011,33,189,38,640,565,900,443,555,8,116,420
725,2011,34,184,25,709,601,1078,512,664,17,129,525
726,2011,35,182,71,661,606,1052,552,828,30,178,557
727,2011,36,172,70,690,682,1145,564,808,59,163,460
728,2011,37,214,62,793,891,1373,596,740,103,193,602
729,2011,38,214,83,795,1109,1258,708,701,56,294,604
730,2011,39,273,82,1080,1263,1463,749,770,69,292,667
731,2011,40,280,140,1672,1340,1748,1232,1354,223,499,877
732,2011,41,401,150,1868,1424,1805,1213,1203,211,528,1000
733,2011,42,381,131,1813,1414,1791,1206,1376,184,515,1147
734,2011,43,432,154,1822,1508,1791,1190,1388,280,537,1196
735,2011,44,450,177,2223,1546,2020,1301,1472,303,592,1312
736,2011,45,471,154,2248,1681,2233,1255,1409,255,600,1190
737,2011,46,391,191,2285,1661,2010,1235,1644,220,617,1467
738,2011,47,335,139,2306,1487,1934,1146,1296,166,580,988
739,2011,48,431,192,2663,1739,1911,1209,1510,276,567,981
740,2011,49,377,136,2746,1557,2003,1096,1206,212,547,1307
741,2011,50,448,179,2731,1691,2129,1184,1454,333,609,1379
742,2011,51,448,159,2775,1681,2270,1180,1380,269,566,1230
743,2011,52,408,176,2657,1938,2424,1371,1297,342,596,1147
744,2012,1,419,169,2636,1779,2067,1240,1445,313,633,1291
745,2012,2,455,143,2140,1513,2229,1258,1384,364,700,1357
746,2012,3,433,155,2221,1645,2347,1250,1455,407,680,1346
747,2012,4,486,214,2155,1655,2612,1435,1642,464,827,1719
748,2012,5,468,242,2158,1746,2872,1659,1710,643,989,1961
749,2012,6,475,229,2131,1672,3013,1498,1936,747,1010,1913
750,2012,7,480,304,2177,1826,3137,1884,2128,839,1081,2073
751,2012,8,449,256,2398,1740,2901,2163,2205,807,1182,2036
752,2012,9,417,307,2215,1691,2996,2169,2561,917,1215,2030
753,2012,10,381,298,2207,1714,3056,2457,2087,859,1171,1533
754,2012,11,406,358,2468,1679,3040,2810,2593,679,1324,1793
755,2012,12,473,378,2350,1610,2593,2174,1973,396,940,1637
756,2012,13,358,272,2179,1439,2207,1531,1825,273,858,2075
757,2012,14,438,305,2186,1305,1983,1464,1565,211,694,1779
758,2012,15,456,342,2030,1238,1764,1306,1382,177,641,1396
759,2012,16,381,293,2013,1214,1730,1184,1450,165,566,1127
760,2012,17,322,256,1654,1145,1566,1113,1290,157,563,1304
761,2012,18,269,254,1741,1124,1397,1059,1250,143,447,1315
762,2012,19,301,192,1865,991,1407,821,1175,97,449,1278
763,2012,20,246,157,1737,947,1393,746,1135,77,441,1183
764,2012,21,253,123,1616,874,1568,620,1228,59,370,1167
765,2012,22,214,102,1509,873,1502,646,816,26,484,981
766,2012,23,206,86,1493,858,1315,604,916,8,389,890
767,2012,24,205,71,1451,867,1116,472,807,9,339,796
768,2012,25,216,62,1530,789,950,492,832,5,317,855
769,2012,26,225,53,1522,735,918,486,867,6,267,707
770,2012,27,185,42,1329,685,925,486,769,18,238,614
771,2012,28,220,40,1387,629,804,517,743,15,236,594
772,2012,29,203,46,1206,679,704,475,739,11,242,626
773,2012,30,182,42,1132,686,885,545,683,14,266,668
774,2012,31,182,37,1024,675,852,607,801,19,252,710
775,2012,32,201,44,986,652,816,484,853,9,226,755
776,2012,33,191,34,989,688,999,524,799,13,285,529
777,2012,34,159,37,1183,741,1215,648,1021,54,267,816
778,2012,35,182,44,973,825,1198,717,1055,59,312,953
779,2012,36,196,57,1036,883,1119,657,1023,67,383,875
780,2012,37,233,58,1237,1083,1096,860,1279,91,407,1038
781,2012,38,231,79,1407,1229,1151,827,1291,76,331,1034
782,2012,39,236,98,1405,1240,1217,822,1324,98,379,988
783,2012,40,322,126,1570,1353,1549,1100,1558,254,421,1142
784,2012,41,295,132,1734,1435,1682,1127,1894,255,437,1167
785,2012,42,438,144,1921,1456,1690,1214,1643,323,446,1310
786,2012,43,334,128,1989,1497,1842,1129,2026,285,416,1267
787,2012,44,314,172,1584,1447,1987,1253,2100,378,529,1297
788,2012,45,337,180,1656,1585,2517,1392,2731,340,523,1413
789,2012,46,373,230,1902,1705,3048,1384,2620,415,582,1364
790,2012,47,325,202,2150,1915,3539,1345,3057,357,652,1108
791,2012,48,516,229,2792,2278,4492,1838,3521,510,864,1481
792,2012,49,734,237,3493,3210,7234,2472,4386,581,1021,1509
793,2012,50,1071,318,4046,4462,7345,3389,5219,670,1245,1667
794,2012,51,1485,290,5047,6338,6660,4005,5987,868,1844,1808
795,2012,52,1380,400,5426,7539,6746,3889,6309,1105,2039,1755
796,2013,1,1344,353,5450,7018,5301,3545,5924,1173,2143,1852
797,2013,2,1682,496,6947,8120,5575,3993,6636,1323,2473,2651
798,2013,3,1541,556,7593,7090,4835,3818,6344,1444,2517,3703
799,2013,4,1283,526,5890,3683,3759,3152,6220,1393,2275,4245
800,2013,5,1191,525,4819,4053,3910,2976,5001,1282,2050,4001
801,2013,6,919,483,4164,3192,3466,2719,3856,1101,1805,3282
802,2013,7,801,372,3665,3311,3293,2437,3229,811,1473,2929
803,2013,8,657,315,3982,3197,3135,2182,2815,622,1285,2329
804,2013,9,658,226,3485,3203,3010,2208,2755,479,1120,2087
805,2013,10,600,156,3430,3196,3299,1964,2744,456,980,2004
806,2013,11,594,179,3217,2953,3125,2005,2350,360,914,1695
807,2013,12,550,128,2870,2623,2740,1787,2189,277,702,1388
808,2013,13,616,109,2479,2346,2440,1565,2079,245,639,1196
809,2013,14,658,96,2230,1978,2092,1456,1947,196,598,1022
810,2013,15,678,62,1937,1762,1686,1242,1759,177,502,1013
811,2013,16,458,65,1901,1219,1313,1156,1612,148,464,852
812,2013,17,390,61,1771,1127,1100,1063,1547,165,481,884
813,2013,18,390,58,1792,1067,868,922,1395,141,496,857
814,2013,19,343,25,1724,978,891,927,1478,118,452,768
815,2013,20,274,36,1680,832,873,855,1505,92,394,776
816,2013,21,248,44,1510,809,828,757,1250,98,389,656
817,2013,22,216,24,1480,817,702,772,1134,83,400,562
818,2013,23,215,34,1349,708,520,813,1001,20,350,628
819,2013,24,248,32,1401,713,583,687,947,16,334,578
820,2013,25,197,23,1363,711,499,688,1101,22,305,565
821,2013,26,210,14,1217,621,490,649,927,12,283,492
822,2013,27,174,10,1179,566,461,587,910,8,217,394
823,2013,28,196,21,1185,532,399,622,896,8,244,407
824,2013,29,187,22,1074,517,397,511,808,11,245,414
825,2013,30,166,18,983,509,469,533,783,10,318,444
826,2013,31,172,10,946,463,442,483,699,8,257,406
827,2013,32,173,18,887,517,458,450,822,64,267,419
828,2013,33,160,13,757,572,507,545,905,55,224,430
829,2013,34,164,15,811,357,736,520,1047,54,223,390
830,2013,35,162,14,807,620,823,583,1327,20,160,537
831,2013,36,77,12,802,894,832,625,1543,72,283,486
832,2013,37,165,24,899,1007,921,748,1792,97,138,583
833,2013,38,195,30,1321,1161,848,806,1936,80,157,576
834,2013,39,265,37,1565,1129,1040,828,2058,143,254,644
835,2013,40,368,73,1792,1289,1453,1230,1910,182,408,972
836,2013,41,391,73,1663,1287,1546,1387,2153,236,492,1192
837,2013,42,421,89,1767,1412,1705,1381,2135,217,391,1140
838,2013,43,391,81,2025,1559,2107,1512,2393,276,538,1154
839,2013,44,403,85,2093,1559,2208,1575,2362,268,647,1302
840,2013,45,434,65,2129,1577,2605,1603,2574,290,697,1524
841,2013,46,440,83,2135,1677,2622,1597,3152,243,597,1381
842,2013,47,385,71,2277,1720,3053,1582,3353,290,953,1484
843,2013,48,335,69,2276,1600,2652,1527,3180,220,894,1222
844,2013,49,440,92,2978,2094,4021,2009,4463,342,860,1621
845,2013,50,509,129,2695,1996,3778,2011,5145,395,967,1773
846,2013,51,527,218,3088,2521,4641,2509,6695,640,1731,2127
847,2013,52,513,382,3434,3254,4531,2836,7431,746,1700,2161
848,2014,1,509,479,3356,3981,4767,2994,7727,824,1481,2536
849,2014,2,689,576,3416,4281,4285,2760,6658,778,1575,3129
850,2014,3,861,427,3862,4907,4133,2886,5693,914,1389,3298
851,2014,4,889,323,3322,4364,3795,2701,4681,845,1249,3333
852,2014,5,1004,254,3293,3770,3256,2264,4550,787,1080,3226
853,2014,6,1036,214,3286,3214,2911,2105,3946,529,1034,2810
854,2014,7,868,167,2791,2956,2169,2052,3363,470,922,2437
855,2014,8,702,157,2657,2869,1990,2120,3328,414,928,2069
856,2014,9,672,109,2443,2524,1847,2085,2972,385,813,2064
857,2014,10,648,140,2795,2236,1640,1870,2893,308,760,1754
858,2014,11,545,75,3347,1956,1222,1854,2470,353,710,1492
859,2014,12,665,93,4291,1970,1273,1731,2551,255,645,1452
860,2014,13,650,71,4809,1865,1206,1789,2311,196,571,1193
861,2014,14,825,105,4623,1965,1126,1781,2313,230,575,1094
862,2014,15,976,89,4235,1880,1014,1731,2423,188,545,1125
863,2014,16,789,101,2964,1447,995,1480,2195,167,462,1123
864,2014,17,629,110,2430,1384,967,1541,2053,176,514,1010
865,2014,18,514,79,2048,1298,865,1446,1771,144,471,1012
866,2014,19,490,102,2190,1286,851,1502,1813,142,398,1001
867,2014,20,390,88,2074,1192,682,1239,1848,110,388,1022
868,2014,21,289,53,1916,1319,746,1178,1797,100,386,1013
869,2014,22,222,27,1751,1155,691,923,1602,109,322,856
870,2014,23,273,27,1764,1087,686,1002,1454,57,50,829
871,2014,24,236,23,1622,986,591,876,1340,54,259,796
872,2014,25,224,19,1864,950,462,853,1197,69,47,684
873,2014,26,233,13,1724,847,456,646,1133,39,230,717
874,2014,27,216,10,1439,842,436,504,1033,45,207,620
875,2014,28,171,14,1512,751,402,495,1091,51,189,619
876,2014,29,181,14,1481,699,405,454,1022,52,153,622
877,2014,30,188,6,1287,636,442,447,936,52,229,542
878,2014,31,168,18,1424,673,402,458,1058,57,174,510
879,2014,32,165,10,1334,598,459,478,1008,57,190,445
880,2014,33,180,8,1297,716,533,487,1058,20,224,457
881,2014,34,169,13,1277,741,664,523,1140,58,215,505
882,2014,35,168,6,1351,807,695,505,1328,82,233,624
883,2014,36,181,10,1396,948,656,713,1435,25,68,618
884,2014,37,204,14,1652,1359,774,1184,1664,123,345,811
885,2014,38,245,34,2136,1481,805,1217,1681,133,289,867
886,2014,39,248,23,2288,1614,880,999,1648,113,275,786
887,2014,40,352,61,2253,1692,1174,1083,1680,220,306,1329
888,2014,41,386,123,2128,1742,1509,1116,1997,269,327,1380
889,2014,42,357,121,2637,1808,1383,1227,2392,292,359,1365
890,2014,43,330,109,2654,1903,1628,1332,2326,289,377,1344
891,2014,44,433,126,2500,1897,1657,1441,2362,227,367,1303
892,2014,45,504,158,2803,1967,1964,1626,2614,256,370,1591
893,2014,46,463,149,2518,2055,2306,1718,2692,297,442,1422
894,2014,47,425,168,2779,2070,3169,1950,3606,324,463,1720
895,2014,48,359,143,2772,2211,3132,2261,4428,373,525,1398
896,2014,49,542,202,3253,2905,4053,3634,5316,524,666,1810
897,2014,50,594,228,3363,4083,5798,5288,5903,1104,915,1896
898,2014,51,625,288,3877,6695,8523,5899,6951,1359,1127,2038
899,2014,52,651,283,4482,11784,8348,4683,5797,1197,1395,1913
900,2014,53,688,351,4448,10884,5773,3818,5714,1214,1544,2457
901,2015,1,915,446,4203,7757,4653,2891,4925,915,1453,3325
902,2015,2,1306,507,4666,6176,4168,2518,5937,826,1455,3645
903,2015,3,1923,491,5215,5979,4664,2230,6606,899,1376,3838
904,2015,4,1557,426,4421,5613,4328,2039,5818,968,1285,4166
905,2015,5,1463,353,4355,4912,4192,1910,5336,800,1210,3620
906,2015,6,1271,286,4041,4246,3771,2191,4789,637,996,2990
907,2015,7,973,191,2972,3032,3531,2067,4436,541,907,2459
908,2015,8,890,185,2694,2518,3367,2005,3757,571,811,2380
909,2015,9,797,179,2361,2433,3257,2084,3770,577,796,2187
910,2015,10,767,195,2465,2284,2546,2251,3914,491,672,2248
911,2015,11,695,170,2479,2340,2202,2342,3503,351,674,1939
912,2015,12,728,129,2631,2685,1897,2276,3156,318,604,1698
913,2015,13,756,138,2392,2626,1632,2183,2643,347,587,1671
914,2015,14,691,93,2145,2494,1591,2009,2404,294,493,1519
915,2015,15,621,115,1915,2122,1288,1717,2105,232,447,1482
916,2015,16,551,126,1948,1867,1203,1396,1769,194,526,1280
917,2015,17,439,139,1928,1947,1134,1421,1998,205,492,1392
918,2015,18,389,83,2174,1805,1074,1251,1993,142,410,1373
919,2015,19,286,75,1975,1586,1131,1094,1795,114,317,1298
920,2015,20,283,89,1943,1487,1002,961,1707,85,307,1160
921,2015,21,248,60,1822,1513,834,696,1414,30,334,962
922,2015,22,227,43,1624,1242,686,698,1111,27,282,1006
923,2015,23,257,36,1789,1244,590,651,1111,27,221,818
924,2015,24,199,30,1455,1115,500,548,1064,27,200,712
925,2015,25,188,40,1575,989,518,661,1050,41,242,609
926,2015,26,173,30,1403,974,461,535,897,24,184,551
927,2015,27,168,43,1259,976,466,565,888,14,167,570
928,2015,28,158,27,1210,869,470,544,905,25,160,502
929,2015,29,150,16,1143,835,454,503,846,21,218,440
930,2015,30,133,18,1310,764,434,554,731,24,192,445
931,2015,31,144,24,1451,776,395,556,753,23,198,433
932,2015,32,140,16,1294,776,552,547,738,12,178,497
933,2015,33,138,20,1204,799,717,529,1012,30,141,583
934,2015,34,156,8,1146,871,834,606,1124,29,204,670
935,2015,35,150,33,1197,1036,893,574,1229,24,205,622
936,2015,36,153,45,1157,1124,876,622,1353,29,189,422
937,2015,37,179,38,1405,1207,940,802,1537,60,163,731
938,2015,38,156,44,1635,1429,988,798,1565,74,258,757
939,2015,39,140,48,1510,1411,1120,808,1680,98,224,587
940,2015,40,322,80,1587,1670,1504,1328,2032,198,346,982
941,2015,41,257,111,1634,1799,1601,1465,2201,204,341,1102
942,2015,42,326,96,1827,2155,1646,1321,2451,251,350,1161
943,2015,43,290,118,1735,1939,1647,1383,2257,209,349,1237
944,2015,44,391,78,1839,2363,1806,1543,2326,276,457,1344
945,2015,45,368,134,1794,2275,1752,1671,2605,284,457,1336
946,2015,46,346,117,2025,2468,2037,1557,2661,255,434,1584
947,2015,47,253,86,1929,2456,1724,1291,2566,208,490,1155
948,2015,48,399,128,2559,2770,2099,1549,2827,222,425,1639
949,2015,49,431,81,2834,2909,2044,1736,2677,210,465,1599
950,2015,50,397,82,2909,3165,2265,1629,2700,242,514,1493
951,2015,51,318,43,2925,3193,2174,1515,2634,183,503,1351
952,2015,52,352,64,3229,3426,2122,1482,2826,194,599,1385
953,2016,1,455,135,2870,3053,2088,1737,2620,255,530,1911
954,2016,2,491,166,2813,2856,2172,1692,2597,218,640,1872
955,2016,3,516,167,2726,2346,2298,1817,2963,225,645,1958
956,2016,4,689,211,3255,2594,2718,1982,3296,268,764,2366
957,2016,5,736,271,3559,2276,2765,2186,3333,252,851,2715
958,2016,6,720,230,4013,2607,3017,2461,3811,332,1080,3503
959,2016,7,710,346,4061,3121,4027,2990,4329,416,1229,3452
960,2016,8,784,333,4242,3900,4872,3346,3629,441,1376,3500
961,2016,9,845,341,4645,4713,4874,3729,4100,541,1135,3545
962,2016,10,1158,366,5294,5788,5439,3947,3782,583,1226,2898
963,2016,11,947,328,4321,5038,3950,3051,3118,401,1187,2553
964,2016,12,842,218,3844,4355,3784,2621,2938,418,749,2171
965,2016,13,913,286,3115,3749,3594,2310,2535,399,929,1773
966,2016,14,727,231,2575,3222,3094,1840,2136,338,821,1785
967,2016,15,668,128,2746,3339,2914,1745,2184,316,612,1609
968,2016,16,595,132,2734,3587,2468,1609,2195,262,446,1409
969,2016,17,497,103,2218,3341,2382,1426,1918,201,462,1288
970,2016,18,379,102,1890,2740,1997,1117,1784,180,468,1213
971,2016,19,308,64,1872,2382,1762,1161,1576,140,410,1032
972,2016,20,275,70,1750,2181,1586,1032,1549,75,327,953
973,2016,21,241,17,1598,2122,1400,762,1403,36,323,885
974,2016,22,169,14,1541,2051,1242,749,1170,30,318,713
975,2016,23,224,21,1520,1703,1056,663,935,40,247,792
976,2016,24,159,21,1466,1604,1003,472,1026,21,256,740
977,2016,25,127,13,1458,1355,846,484,935,26,197,583
978,2016,26,127,7,1352,1281,736,474,871,26,228,584
979,2016,27,84,14,1156,1169,722,398,844,26,225,480
980,2016,28,109,15,1142,1049,713,465,795,21,263,506
981,2016,29,117,10,1312,976,688,426,806,13,209,487
982,2016,30,109,16,1271,1008,713,403,729,19,221,436
983,2016,31,105,13,1201,905,684,414,672,22,160,420
984,2016,32,94,14,1161,996,988,406,612,22,218,357
985,2016,33,141,13,1074,935,1192,420,838,14,210,428
986,2016,34,131,16,1252,1151,1433,539,992,28,227,491
987,2016,35,132,18,1204,1278,1258,494,1211,35,274,600
988,2016,36,197,25,1115,1315,1220,569,1356,43,254,529
989,2016,37,264,26,1268,1548,1370,730,1355,33,302,743
990,2016,38,272,28,1602,1720,1532,811,1151,39,300,774
991,2016,39,219,27,1710,1782,1531,957,1270,34,166,809
992,2016,40,334,76,2200,1888,2006,1145,1637,141,358,1079
993,2016,41,282,67,2238,1960,2131,1106,1579,155,354,1125
994,2016,42,347,78,2420,2090,2372,1314,1507,193,355,1250
995,2016,43,332,88,2442,2235,2622,1345,1778,162,377,1267
996,2016,44,397,102,2732,2418,2939,1567,1829,193,309,1304
997,2016,45,369,128,2959,2361,3059,1512,1850,207,415,1398
998,2016,46,410,103,3172,2463,3177,1584,2043,217,424,1567
999,2016,47,284,89,3221,2455,3152,1232,1867,218,384,1306
1000,2016,48,384,126,3718,2620,3525,1542,2152,322,521,1695
1001,2016,49,418,99,4020,2653,3076,1696,2369,243,512,1875
1002,2016,50,471,189,4266,2821,3455,1732,2674,265,533,2057
1003,2016,51,463,176,5570,3316,4182,1742,2995,303,683,2135
1004,2016,52,429,358,6723,4233,4421,2037,3391,391,605,2312
1005,2017,1,527,326,5748,4146,4182,2171,3416,477,711,2474
1006,2017,2,577,292,5579,3841,4508,2461,3905,521,781,2432
1007,2017,3,654,409,6513,4457,5673,2770,4422,767,774,2342
1008,2017,4,896,363,6645,4738,5808,3273,4969,1011,908,2654
1009,2017,5,1158,351,6788,5375,7022,3879,6839,1304,1095,2706
1010,2017,6,1305,320,6677,7440,8537,4796,8549,1609,1202,2455
1011,2017,7,1300,323,5330,8404,9087,5168,7208,1178,939,2098
1012,2017,8,1226,268,4493,9685,9006,5002,6729,974,801,1940
1013,2017,9,999,252,3385,5834,7180,3617,5636,694,545,2041
1014,2017,10,902,175,2984,5370,6599,3697,5192,618,559,1964
1015,2017,11,692,215,2906,5230,6162,3138,4201,526,476,1938
1016,2017,12,972,151,3371,5668,7609,3194,3808,430,441,1710
1017,2017,13,1033,160,3937,5414,5781,2686,3040,314,401,1576
1018,2017,14,1136,139,3858,3666,3785,2296,2649,310,337,1501
1019,2017,15,887,114,3200,2365,3067,1688,2440,207,297,1283
1020,2017,16,565,96,2533,1852,2552,1480,2058,181,274,1415
1021,2017,17,437,73,2345,1466,2210,1405,2169,162,267,1390
1022,2017,18,353,116,2219,1346,1971,1203,1817,139,256,1342
1023,2017,19,312,72,2405,1167,1932,1262,1644,65,215,1128
1024,2017,20,283,78,2451,1132,1772,1019,1757,32,151,1134
1025,2017,21,221,35,1982,1152,1540,785,1526,21,161,1141
1026,2017,22,219,38,2057,1145,1194,692,1390,16,100,905
1027,2017,23,217,37,2219,949,1108,625,1181,20,118,1036
1028,2017,24,216,28,1870,774,1059,536,1202,17,84,850
1029,2017,25,185,37,1757,847,854,559,1148,11,110,732
1030,2017,26,71,26,1723,710,749,454,983,21,89,770
1031,2017,27,119,11,1600,652,846,368,1035,13,76,606
1032,2017,28,138,15,1399,613,758,451,853,6,95,633
1033,2017,29,109,10,1373,587,653,413,865,9,78,650
1034,2017,30,112,7,1419,586,639,421,1023,19,75,578
1035,2017,31,108,30,1339,647,632,430,1001,20,85,607
1036,2017,32,108,24,1391,557,798,417,943,14,86,577
1037,2017,33,122,14,1195,546,1098,453,1065,12,88,637
1038,2017,34,117,25,1364,606,1507,471,1447,24,101,991
1039,2017,35,107,40,1335,708,1668,571,1544,13,147,1000
1040,2017,36,98,40,1299,842,1545,645,1624,26,139,814
1041,2017,37,166,66,1749,899,1409,916,1733,25,248,1093
1042,2017,38,175,72,2019,999,1483,1003,1664,54,177,917
1043,2017,39,161,51,2096,975,1637,1090,1798,50,300,921
1044,2017,40,302,441,2008,2187,2506,1251,2180,206,353,1396
1045,2017,41,413,484,2133,2143,2645,1293,2275,230,416,1237
1046,2017,42,415,610,2512,2287,2639,1279,2468,314,428,1367
1047,2017,43,514,571,2655,2454,3263,1353,2693,340,510,1473
1048,2017,44,489,655,2713,2559,3581,1338,3166,420,529,1618
1049,2017,45,615,731,2722,2830,4314,1556,3778,370,582,1496
1050,2017,46,666,679,3454,3236,4946,1416,4351,497,682,1688
1051,2017,47,603,774,3028,3071,4585,1340,4105,489,529,1293
1052,2017,48,758,796,3106,3766,5152,1897,5205,481,706,1888
1053,2017,49,877,836,3830,3550,5077,2196,5229,611,772,2001
1054,2017,50,912,1090,3941,3896,6522,2593,7909,816,837,3017
1055,2017,51,959,1668,4608,4676,9882,3398,11585,1103,1153,3632
1056,2017,52,1010,2322,4939,5910,10078,3990,10120,1148,1177,4292
1057,2018,1,1017,2401,4937,6488,11216,4215,10113,1268,1360,4267
1058,2018,2,1220,2574,6300,7729,15172,5061,11955,1287,1629,3995
1059,2018,3,1715,2432,8361,9314,17371,5389,11391,1714,1759,3491
1060,2018,4,2386,2424,11653,13730,20795,6172,12632,2168,1931,3577
1061,2018,5,3103,2374,13780,16546,21358,6608,13616,2645,2308,3757
1062,2018,6,3497,1986,15495,17863,21646,6258,12114,2585,2456,3746
1063,2018,7,3260,1816,14238,17586,15230,5339,9656,2439,3030,3393
1064,2018,8,2386,1658,9619,12025,9178,4192,6737,1724,2498,2944
1065,2018,9,1689,1552,5348,7584,5525,2995,4967,1274,1986,3012
1066,2018,10,1212,1340,4368,5657,4713,2652,3783,1095,1637,2652
1067,2018,11,981,1440,3855,5469,4238,2235,3062,771,1372,2505
1068,2018,12,1007,1352,3555,5122,3702,2247,2792,620,1088,2300
1069,2018,13,1055,1145,3421,4083,3455,1907,2435,554,708,1933
1070,2018,14,1009,957,2881,4158,3087,1722,2064,467,900,1822
1071,2018,15,1005,764,2728,3349,2811,1617,1873,333,551,1641
1072,2018,16,782,696,2428,2783,2505,1305,2119,236,538,1500
1073,2018,17,698,553,2524,2675,2282,1246,2102,257,681,1554
1074,2018,18,618,504,2550,2377,2198,963,1874,161,624,1404
1075,2018,19,476,475,2469,1443,1918,882,1919,150,530,1355
1076,2018,20,419,410,2295,1737,1880,799,1676,155,540,1156
1077,2018,21,415,376,2401,1669,1657,737,1642,161,464,1124
1078,2018,22,280,357,2057,1612,1601,611,1454,134,487,1015
1079,2018,23,231,359,2149,1486,1304,483,1291,108,415,862
1080,2018,24,233,316,2009,1267,1150,431,1153,87,141,783
1081,2018,25,232,313,1817,1330,1023,443,1067,25,225,899
1082,2018,26,231,302,1626,1269,910,418,1090,43,243,800
1083,2018,27,188,295,1451,1141,981,371,991,99,102,630
1084,2018,28,269,250,1469,1103,991,416,1025,61,226,692
1085,2018,29,223,218,1408,926,879,385,899,78,199,571
1086,2018,30,219,189,1204,872,954,315,885,40,116,702
1087,2018,31,200,168,1295,879,882,362,1023,39,186,583
1088,2018,32,233,199,1365,850,930,288,958,93,261,687
1089,2018,33,235,221,1354,879,1424,327,1113,66,267,656
1090,2018,34,243,201,1409,1031,1714,358,1284,171,134,764
1091,2018,35,220,281,1409,1131,1818,462,1503,179,307,807
1092,2018,36,277,334,1643,1319,2076,513,1744,205,515,910
1093,2018,37,364,282,1921,1592,1970,640,1637,159,413,1085
1094,2018,38,433,312,2612,1838,1967,774,1706,125,489,934
1095,2018,39,407,376,2859,2131,2020,657,1890,125,390,859
1096,2018,40,800,369,3762,2388,4203,1232,2324,265,1392,1104
1097,2018,41,887,431,3780,2600,4430,1379,2247,376,1409,1022
1098,2018,42,910,418,3981,2835,4945,1388,2438,249,1619,1147
1099,2018,43,924,381,4198,2788,5802,1551,2848,441,1542,1141
1100,2018,44,868,439,4077,3121,6375,1707,3076,445,1646,1400
1101,2018,45,943,488,4049,3156,6681,1662,3343,454,1818,1479
1102,2018,46,935,569,4141,3138,6699,1653,3616,430,1733,1433
1103,2018,47,940,608,4364,3172,6959,1382,3619,448,1797,1323
1104,2018,48,1070,606,4668,3867,8136,1902,4126,490,2281,1934
1105,2018,49,1260,596,5105,3462,7623,1903,3627,473,2372,1935
1106,2018,50,1364,715,5948,3952,9288,2111,3995,656,2841,2228
1107,2018,51,1622,739,6889,4522,11065,2240,4673,832,3539,2115
1108,2018,52,2003,768,8131,4712,13088,2478,5780,1271,3856,1817
1109,2019,1,2240,955,7734,5486,11397,2485,5195,1177,3552,1873
1110,2019,2,2468,837,6906,5072,8972,2508,4747,1143,3540,2559
1111,2019,3,2608,925,7798,5080,9879,2615,5169,1464,3202,2369
1112,2019,4,2725,1160,8153,6254,12016,2394,6309,1342,3486,2274
1113,2019,5,2868,1409,8219,7173,15971,2409,8734,1413,4233,2758
1114,2019,6,3246,1613,9167,9529,22966,2648,11780,1450,4426,2617
1115,2019,7,2813,1828,9091,9956,21402,2917,12714,1619,5007,2631
1116,2019,8,2812,1773,8022,10408,18182,3435,11979,1735,5270,2729
1117,2019,9,2466,1883,6523,9737,14113,3673,10457,1612,5209,3062
1118,2019,10,2229,2086,6535,9321,12095,3994,9468,1505,5246,2869
1119,2019,11,2238,2466,6717,9558,11533,4360,7607,1487,4427,2740
1120,2019,12,2181,2262,6300,7195,9495,3909,6063,1160,3490,2731
1121,2019,13,2220,1255,5683,6558,8278,3017,4936,881,2709,2307
1122,2019,14,2103,904,5427,5171,7302,2611,4067,678,2433,2209
1123,2019,15,1948,592,4696,4231,6265,2025,3609,542,1932,1963
1124,2019,16,1552,646,3927,2992,4991,1872,3049,405,1960,1728
1125,2019,17,1153,594,3219,2800,4981,1428,2644,343,1765,1656
1126,2019,18,1052,558,3064,2479,4477,1364,2440,285,1830,1299
1127,2019,19,866,496,2801,2341,3960,1224,2175,282,1697,1254
1128,2019,20,910,448,2691,1904,3761,1224,2246,257,1650,1258
1129,2019,21,766,392,2969,2232,3399,994,2019,235,1595,1146
1130,2019,22,628,503,2938,2141,3325,871,1816,209,1286,1053
1131,2019,23,636,310,2878,1880,2673,808,1660,187,1429,972
1132,2019,24,542,298,2851,1644,2345,758,1062,184,1127,807
1133,2019,25,519,301,2390,1507,2069,639,1419,158,982,694
1134,2019,26,508,258,2379,1338,1896,618,1246,144,930,669
1135,2019,27,437,275,2119,1154,1684,546,1041,126,708,459
1136,2019,28,416,241,1946,1149,1619,545,1164,121,708,513
1137,2019,29,398,190,1816,1101,1550,529,1156,156,729,486
1138,2019,30,366,203,1621,1037,1650,520,1127,132,670,429
1139,2019,31,351,223,1792,1004,1687,471,1126,124,697,399
1140,2019,32,373,187,1775,915,1721,466,1163,127,685,626
1141,2019,33,320,203,1907,1083,2309,459,1209,127,754,616
1142,2019,34,387,219,1698,1191,2886,421,1677,179,863,575
1143,2019,35,388,287,1794,1310,3198,540,2146,228,1176,750
1144,2019,36,456,308,1884,1545,3682,713,2350,208,1249,763
1145,2019,37,553,329,2427,1937,3661,1063,2408,260,1394,799
1146,2019,38,624,368,3046,2220,3825,1098,2356,242,1343,855
1147,2019,39,714,320,3165,2538,4241,1102,2841,283,1394,816
1148,2019,40,1261,738,2993,3055,5637,1912,3390,388,1464,1077
1149,2019,41,1465,844,2981,3436,5349,2131,3633,449,1505,1160
1150,2019,42,1592,892,3360,3554,5711,2310,3955,553,1655,1275
1151,2019,43,1571,834,3371,4083,6683,2586,4613,570,1716,1392
1152,2019,44,1643,833,3697,4001,7119,2566,5463,543,1565,1480
1153,2019,45,1810,886,4195,4379,8935,2721,7254,602,1774,2030
1154,2019,46,1947,870,4391,4833,9757,2707,8215,704,1891,2413
1155,2019,47,2176,1515,4701,5563,11422,3002,10356,784,2169,2460
1156,2019,48,2225,1354,5363,5916,12406,3082,8623,909,1903,2036
1157,2019,49,2472,2274,5964,6462,13699,3842,8082,1092,2402,2588
1158,2019,50,2629,3122,7145,8352,16352,4254,7928,1365,2793,2504
1159,2019,51,3290,4042,8998,11147,22192,5248,8900,1599,3534,2634
1160,2019,52,4563,5115,12495,15280,30151,6666,11663,2327,4681,2816
1161,2020,1,5394,3950,13005,15286,24779,6370,10397,2160,4231,3109
1162,2020,2,5310,2980,11303,12087,18590,5880,9738,1851,4336,3510
1163,2020,3,6209,2473,12906,12297,19107,6037,10462,1836,4652,3767
1164,2020,4,7636,2744,15007,13917,19919,7832,11236,1858,5579,4344
1165,2020,5,9952,2750,16122,17670,25665,10136,13121,2170,6116,4605
1166,2020,6,10891,2463,15684,18694,27667,11030,12041,2392,5735,4692
1167,2020,7,9261,2531,12377,17353,21563,9740,11446,2285,4832,4030
1168,2020,8,7692,2512,9343,14538,15311,9082,10798,2167,4490,3899
1169,2020,9,6319,2822,7769,14126,15719,8142,10020,1857,4323,3712
1170,2020,10,5944,3828,8995,14727,17627,8156,9897,1886,4503,3216
1171,2020,11,6163,4015,13643,16959,20304,8269,10007,1819,5184,3208
1172,2020,12,4999,3412,16478,13249,17187,6726,9368,1516,3469,2180
1173,2020,13,3313,2046,16246,7528,10237,3594,5951,858,1811,1558
1174,2020,14,2732,1240,12482,5011,5899,2406,3608,533,1211,1129
1175,2020,15,2027,908,7518,3913,4249,1929,2423,345,834,828
1176,2020,16,1882,607,4473,3178,3197,1658,1738,250,564,718
1177,2020,17,1284,612,2786,2990,2820,1679,1590,244,542,617
1178,2020,18,1035,575,1966,2843,2369,1550,1276,218,405,580
1179,2020,19,893,467,1310,2416,2270,1427,1179,172,380,552
1180,2020,20,847,435,1261,2140,2279,1367,1096,171,353,531
1181,2020,21,687,405,1103,2276,3813,1258,1134,145,341,573
1182,2020,22,580,389,892,1394,3580,737,1035,134,345,528
1183,2020,23,532,425,820,1309,3547,616,1120,143,308,505
1184,2020,24,470,397,750,1165,4051,582,1166,123,309,567
1185,2020,25,427,371,766,1197,6021,509,1282,306,329,658
1186,2020,26,489,399,805,1325,8570,663,1735,335,371,807
1187,2020,27,467,677,808,1305,10357,658,1909,405,397,860
1188,2020,28,520,687,908,1651,11255,812,2320,521,475,897
1189,2020,29,513,636,978,1759,10627,832,2178,471,427,839
1190,2020,30,500,595,968,1620,8292,853,1915,472,428,890
1191,2020,31,553,569,1240,1828,7069,899,1657,456,410,843
1192,2020,32,565,549,1138,1615,6189,931,1543,483,390,714
1193,2020,33,611,452,1306,1598,5609,784,1394,464,344,631
1194,2020,34,640,478,1384,1627,5403,885,1252,405,352,526
1195,2020,35,643,430,1380,1587,5303,841,1036,1045,356,538
1196,2020,36,616,469,1206,1455,5203,669,1008,746,445,499
1197,2020,37,664,474,1292,1543,5426,720,1308,621,471,516
1198,2020,38,678,490,1383,1352,5479,793,1158,567,584,553
1199,2020,39,822,588,1413,1652,5730,946,1548,601,694,592
1200,2020,40,984,750,1589,1917,5853,1610,1819,620,649,675
1201,2020,41,1162,849,1706,2441,7045,1911,1566,731,834,899
1202,2020,42,1017,697,1484,1958,6658,1730,1554,574,707,856
1203,2020,43,1079,730,1623,2088,6998,1793,1544,615,776,887
1204,2020,44,1171,752,1558,2154,6535,2148,1705,686,897,948
1205,2020,45,1320,903,1873,2399,7126,2576,2092,977,890,1214
1206,2020,46,1416,955,2139,2830,7507,2716,2178,775,873,1209
1207,2020,47,1293,894,2066,3017,7853,2430,2157,765,770,1464
1208,2020,48,1230,816,2064,3272,7594,1903,1770,640,552,1472
1209,2020,49,1340,696,2078,3284,8345,1734,1822,653,604,1695
1210,2020,50,1263,682,2222,3038,8153,1679,2237,589,579,1661
1211,2020,51,1077,617,1994,2776,8547,1396,1783,551,512,1621
1212,2020,52,1069,535,2028,2836,7923,1175,1898,528,442,1402
1213,2020,53,1060,549,2169,3206,9873,1271,1867,528,449,1451
1214,2021,1,1115,545,2367,3209,9642,1454,1941,473,490,1475
1215,2021,2,916,492,1975,2634,8180,1284,1388,427,463,1259
1216,2021,3,783,424,2118,2351,7790,1170,1730,442,500,1042
1217,2021,4,757,445,1805,2160,7426,1117,1399,406,498,883
1218,2021,5,586,408,1714,1830,6883,1093,1892,407,473,812
1219,2021,6,522,356,1706,1689,6463,990,825,317,527,684
1220,2021,7,512,349,1503,1481,5851,914,618,293,511,559
1221,2021,8,522,334,1521,1519,5986,1013,1031,311,466,641
1222,2021,9,539,326,1532,1517,5823,975,862,333,452,641
1223,2021,10,698,339,1837,1585,6244,949,936,333,550,606
1224,2021,11,629,342,2021,1673,6406,1099,1016,329,452,607
1225,2021,12,670,382,1982,1893,6716,1213,1010,376,448,664
1226,2021,13,697,405,1977,1956,6956,1209,1176,437,534,646
1227,2021,14,824,527,2087,2003,7973,1496,1464,452,569,705
1228,2021,15,738,706,1956,2066,9036,1482,1435,425,566,755
1229,2021,16,693,714,1924,1968,9332,1490,1358,479,612,735
1230,2021,17,702,645,1816,2118,9500,1558,1759,490,716,795
1231,2021,18,705,612,1843,2022,9650,1486,1626,487,692,807
1232,2021,19,781,635,1831,2012,9554,1598,1786,524,738,908
1233,2021,20,892,603,2025,2114,9922,1645,1856,596,761,848
1234,2021,21,807,564,1777,1933,9333,1383,1789,497,739,853
1235,2021,22,906,552,1831,1867,9410,1504,1817,673,806,777
1236,2021,23,927,577,1929,1934,8124,1576,1748,674,813,880
1237,2021,24,1070,603,2198,2133,7813,1474,1807,742,792,947
1238,2021,25,1046,616,2162,2350,7957,1495,1791,712,839,922
1239,2021,26,965,585,2237,2274,8371,1376,1794,583,853,1054
1240,2021,27,1107,661,2197,2482,9593,1469,2193,788,806,1075
1241,2021,28,1072,714,2386,2663,11057,1659,2546,931,902,1331
1242,2021,29,1230,869,2809,2985,14311,1859,3182,932,996,1372
1243,2021,30,1477,1025,2989,3478,17202,2036,3354,1036,989,1609
1244,2021,31,1504,1201,3108,3987,18422,2285,3336,1077,926,1910
1245,2021,32,1541,1413,3168,4097,19975,2456,3416,1043,1022,1936
1246,2021,33,1543,1326,3119,4661,21495,2751,3400,1040,1222,2164
1247,2021,34,1531,1347,3082,5114,20189,3178,3784,1101,1601,2131
1248,2021,35,1502,1395,2810,5328,17987,2964,3452,1255,1783,2388
1249,2021,36,1743,1315,3144,6119,16276,3010,2846,1305,1687,1976
1250,2021,37,1887,1243,3503,6260,12979,3091,2535,1189,1639,1867
1251,2021,38,1889,1309,4030,6025,11487,2736,2231,1064,1540,1665
1252,2021,39,1978,1140,4267,2330,11116,2639,2238,975,1679,1587
1253,2021,40,2037,1250,4511,5736,11730,6301,2687,1124,1721,2438
1254,2021,41,2067,1279,4094,4982,11738,5879,2491,1063,1815,2230
1255,2021,42,1800,1218,3855,4030,11489,5596,2496,969,1785,2476
1256,2021,43,1802,1189,3711,4596,11880,5666,2427,1008,1829,2531
1257,2021,44,2296,1228,3554,4146,13895,6210,2985,1084,2107,2525
1258,2021,45,2297,1203,4245,4694,15312,6959,3484,1189,2109,2671
1259,2021,46,2658,1223,4251,5230,16729,7094,3835,1240,2190,2626
1260,2021,47,2589,1170,3972,4741,15058,6579,3492,1216,1855,2652
1261,2021,48,3646,1408,5073,6069,17928,7793,4005,1752,2084,2971
1262,2021,49,4004,1325,5524,6549,18608,7948,4359,1772,2117,2863
1263,2021,50,3957,1437,6865,7527,22179,8882,4579,1874,2313,2932
1264,2021,51,4249,1746,9840,10631,28956,9865,5394,2104,2550,3890
1265,2021,52,6147,2250,12215,16964,43523,11653,9045,2919,3231,5915
1266,2022,1,4445,3033,7536,12746,35304,9458,8452,2533,3203,6552
1267,2022,2,2546,2895,4016,8319,26625,7190,7275,2536,2605,5176
1268,2022,3,1627,2331,2615,5335,18431,5344,5572,2084,1971,3188
1269,2022,4,1074,1567,1998,3606,13413,3944,3720,1484,1539,2465
1270,2022,5,899,1057,1551,2584,10333,2814,2453,1114,1125,1901
1271,2022,6,795,1063,1757,2356,9072,2812,2233,888,1111,1644
1272,2022,7,742,870,1933,2342,9072,3023,2486,803,1182,1493
1273,2022,8,834,773,1816,2196,9028,2852,2616,832,1261,1401
1274,2022,9,880,893,2040,2576,8593,3671,3078,999,1512,1559
1275,2022,10,1295,1011,2378,2881,8600,4068,3602,948,1701,1593
1276,2022,11,1522,1045,2820,3115,9191,5030,3929,1038,1940,1729
1277,2022,12,1964,1141,3166,3248,9475,4973,3520,973,2032,1931
1278,2022,13,2612,1117,3793,3614,10080,5158,3523,1002,2021,1902
1279,2022,14,3382,1021,4751,3918,10778,5605,3644,972,2096,1977
1280,2022,15,3971,1166,4771,3987,12532,5497,3839,918,2181,2104
1281,2022,16,3532,1474,4487,3985,13484,5729,3609,946,2531,2309
1282,2022,17,3537,1676,4778,4258,14343,5839,3024,868,2443,2654
1283,2022,18,4165,1770,5433,4995,15796,5921,3510,785,2529,2895
1284,2022,19,4327,1809,5955,5551,18790,6240,3101,758,2360,3134
1285,2022,20,3551,1954,5615,5846,21269,5643,3605,762,2211,3625
1286,2022,21,2739,2058,5081,5383,23786,4824,2272,666,1983,3593
1287,2022,22,2161,1858,4689,5436,23985,4618,3103,689,1695,3629
1288,2022,23,1921,1595,4696,5034,19923,4000,2863,596,1454,3158
1289,2022,24,1731,1399,4317,4495,17486,3343,2812,581,1180,2906
1290,2022,25,1623,1543,4206,4415,15495,3223,2891,586,1024,2824
1291,2022,26,1519,1196,4085,3916,14144,3176,2604,561,711,2654
1292,2022,27,1386,1122,3994,3897,14344,3149,2909,633,900,2589
1293,2022,28,1170,898,3548,3718,13771,3231,2712,630,853,2480
1294,2022,29,1239,845,3318,3807,13570,3324,2693,629,846,2340
1295,2022,30,1301,785,3522,3893,13067,3367,2460,654,835,2108
1296,2022,31,1285,719,3381,3775,11626,3351,2141,611,769,1923
1297,2022,32,1243,664,3233,3569,11715,2905,2162,568,782,1801
1298,2022,33,1207,661,2922,3641,13526,3504,2712,626,845,1928
1299,2022,34,1253,679,2750,3644,15614,3844,3762,677,1299,2265
1300,2022,35,1190,566,2571,4129,15856,4053,4180,840,1522,2606
1301,2022,36,1430,768,2806,4342,15839,4506,3880,919,1296,2548
1302,2022,37,1946,867,3777,5111,15046,4502,3768,808,1433,2580
1303,2022,38,2171,1032,4572,5546,16932,4997,4508,762,1419,2787
1304,2022,39,2301,1083,4462,5746,17337,5290,4545,1060,1539,2958
1305,2022,40,2575,911,6771,6276,18479,5951,5047,1201,1255,8852
1306,2022,41,2799,1045,5949,6967,21222,7090,6220,1294,1292,9510
1307,2022,42,3016,1019,8492,9404,24994,7338,6994,1513,2190,10655
1308,2022,43,3869,1486,11654,14245,41196,9418,9847,1864,2736,13181
1309,2022,44,5048,2357,15676,19081,52015,11568,11765,2383,3625,15729
1310,2022,45,5174,3707,16893,18746,45495,12506,11157,2650,4828,18899
1311,2022,46,5156,5728,16279,16057,38190,13305,10238,3249,6133,23084
1312,2022,47,7601,9382,20073,18014,41473,17713,13464,5026,6666,25524
1313,2022,48,11648,9711,25841,18851,42407,20417,14431,5360,7402,29605
1314,2022,49,12980,8795,23902,15281,35237,19611,13723,5752,7199,24768
1315,2022,50,12979,7641,19712,13394,32948,18666,12030,5127,7603,21572
1316,2022,51,12037,5523,18193,11429,29606,13896,9391,3611,6379,19913
1317,2022,52,10076,3763,14755,6049,30801,11314,10176,2955,4877,17765
1318,2023,1,6483,2383,11817,8949,26789,7778,7204,1976,3503,15152
1319,2023,2,3876,2202,8785,6402,19430,5251,5251,1419,2455,12649
1320,2023,3,2838,1240,7656,5909,17826,4504,4585,1173,1950,10089
1321,2023,4,2639,1259,7410,5958,17854,4654,4431,1227,1898,10901
1322,2023,5,2364,1350,7587,6065,18190,4665,3896,1127,2397,11685
1323,2023,6,2546,1367,7995,6450,18554,5156,4285,1226,2479,12200
1324,2023,7,2718,1349,7607,6004,17310,5155,3876,1256,2455,11935
1325,2023,8,2380,1310,6706,5915,16585,5424,3917,1154,2347,11485
1326,2023,9,2179,1326,6537,5693,15411,5417,4001,1212,2325,11581
1327,2023,10,2299,1362,6487,5674,14829,5256,3851,1308,2358,11262
1328,2023,11,2171,1453,6902,5915,14594,5621,3401,1174,2309,10723
1329,2023,12,2434,1529,7521,6004,14942,5552,3222,1129,2296,10765
1330,2023,13,2462,1419,7562,5505,14370,4963,3383,1097,2001,10580
1331,2023,14,2279,1284,6567,4545,13379,4349,3211,958,1960,9823
1332,2023,15,2283,1232,5654,4382,13307,4035,3274,895,1988,9675
1333,2023,16,1815,1264,5475,4088,12757,3864,3291,807,1883,9263
1334,2023,17,1770,1205,5867,4212,13026,3809,3302,902,1866,8843
1335,2023,18,1795,1083,5729,4730,13095,3909,3354,850,1829,9208
1336,2023,19,1933,1070,6518,4848,12870,3719,2975,740,1734,9362
1337,2023,20,1847,1056,6520,4318,12523,2880,2605,636,1617,9285
1338,2023,21,1762,644,6202,4093,12011,3373,2047,689,1448,9247
1339,2023,22,1753,1006,6023,4044,12674,3202,2368,618,1246,8655
1340,2023,23,1592,1121,5245,3734,10638,2715,1667,464,1098,8665
1341,2023,24,1546,996,5132,3299,9416,2363,1600,489,1017,8022
1342,2023,25,1391,978,4546,2857,8606,2187,1467,436,889,7532
1343,2023,26,1220,856,4236,2522,8099,1878,1487,357,748,7083
1344,2023,27,1105,828,3907,2356,7930,1787,1386,365,722,6262
1345,2023,28,1075,722,3744,2352,7983,1719,1478,402,698,5730
1346,2023,29,1092,646,3870,2297,8125,1761,1424,370,662,5555
1347,2023,30,1142,626,3894,2320,8705,1721,1468,431,666,5444
1348,2023,31,1089,678,4030,2345,8887,1888,1532,375,619,5453
1349,2023,32,1216,739,4182,2508,10038,1992,1817,396,719,5706
1350,2023,33,1141,719,4334,2825,13107,2122,2106,465,800,6044
1351,2023,34,1227,827,4296,3207,17363,2662,3088,512,1064,6733
1352,2023,35,1208,897,4461,3859,17147,3153,4133,729,1228,7596
1353,2023,36,1476,1076,4616,4526,16455,3436,3514,923,1300,7412
1354,2023,37,1629,1184,5315,4726,15359,3647,3455,772,1301,7899
1355,2023,38,2035,1196,6997,5071,15677,4104,3069,754,1524,7838
1356,2023,39,2037,1289,7222,4948,16160,4126,3320,727,1503,7937
1357,2023,40,2328,1500,7633,5639,17810,5127,3864,811,1464,10136
1358,2023,41,2168,1508,7311,5641,18374,5340,3964,954,1635,10629
1359,2023,42,2348,1447,7745,6188,19370,5439,4761,918,1897,12389
1360,2023,43,2464,1396,8002,6742,21978,5886,5253,1064,1895,13096
1361,2023,44,2743,1702,7877,6827,23656,6116,5658,1024,2172,14457
1362,2023,45,3085,1472,9051,7636,28832,7222,7769,1277,2707,16408
1363,2023,46,3453,1860,9878,6042,30047,8440,8433,1403,3350,18067
1364,2023,47,3631,1961,9313,7600,26404,8275,7929,1331,3100,15980
1365,2023,48,4597,2458,11568,9111,30264,10447,8673,1703,3701,21189
1366,2023,49,4780,2854,12889,10133,34012,10947,9839,1827,4188,22735
1367,2023,50,6010,3151,14970,12177,41554,12722,12450,2186,4965,25895
1368,2023,51,7378,4023,17393,15110,51808,14473,15156,2266,5807,29922
1369,2023,52,8970,4320,18744,17430,51580,16604,14304,2402,5760,26712
1370,2024,1,7397,3911,16149,13366,44172,14312,12648,2287,5101,24647
1371,2024,2,6292,3059,15014,10877,33985,11664,9164,1777,4251,22407
1372,2024,3,5414,2710,12554,8551,28446,9785,8046,1470,3499,19663
1373,2024,4,4022,2855,13044,9246,30488,11429,10127,1756,3978,18657
1374,2024,5,6141,3109,12486,9072,28809,13019,11345,2311,3975,17687
1375,2024,6,6620,2892,12895,10157,30554,16110,10957,2712,3929,16168
1376,2024,7,5867,2996,11591,10476,27763,16863,9475,2740,3661,16987
1377,2024,8,6301,2738,11037,11000,26217,18059,8977,3311,3428,16544
1378,2024,9,6129,2404,10736,11183,25125,18300,8192,3201,3117,16509
1379,2024,10,5758,2393,9697,9994,22082,16477,7019,2944,3146,15338
1380,2024,11,4719,2594,9207,8296,19661,14164,5760,2431,2823,15334
1381,2024,12,4448,2438,9168,7671,17840,12267,5406,1909,2590,14964
1382,2024,13,4666,2081,9079,6902,16878,11544,5003,1747,2176,13834
1383,2024,14,4407,2003,8352,6337,16091,9899,4433,1612,2082,13338
1384,2024,15,4103,2143,7569,5686,15163,8238,4529,1393,2095,13604
1385,2024,16,3189,1755,7093,4962,14138,6649,4020,1256,1972,12541
1386,2024,17,2687,1808,6135,4753,13960,6169,3746,1088,1835,13258
1387,2024,18,2575,1864,5805,4713,13498,5698,3845,795,1887,12849
1388,2024,19,2322,1881,5489,4421,12644,4658,3691,727,1769,12862
1389,2024,20,2202,1698,5736,4345,12615,4153,3289,700,1635,13038
1390,2024,21,2017,1711,5768,4141,12081,3826,3238,625,1492,12688
1391,2024,22,1757,1731,5214,3732,12014,3520,2891,549,1367,11996
1392,2024,23,1636,1685,4962,3569,11077,3116,2372,449,1119,11270
1393,2024,24,1587,1476,4769,3404,9910,2823,2195,430,924,10231
1394,2024,25,1425,1397,4459,2956,9946,2510,2059,372,879,9807
1395,2024,26,1405,1268,4478,2983,10087,2619,2039,330,835,9192
1396,2024,27,1350,1015,3928,2839,9782,2517,1799,369,727,7806
1397,2024,28,1421,1025,4632,2881,10762,2640,2285,401,841,8129
1398,2024,29,1449,874,3869,2872,10864,2578,2234,409,769,7586
1399,2024,30,1469,930,4946,3243,10818,2562,2362,435,778,7285
1400,2024,31,1509,830,4651,3444,10927,2800,2432,493,795,7139
1401,2024,32,1504,790,4383,3600,11143,2864,2492,449,774,7091
1402,2024,33,1562,811,4701,3671,11971,3167,2551,468,838,7319
1403,2024,34,1634,785,4542,4023,14072,3763,3408,530,1047,8047
1404,2024,35,1724,797,4660,4480,15539,4006,3954,622,1328,8572
1405,2024,36,1855,964,4614,4809,14753,4173,3241,721,1257,8353
1406,2024,37,2259,1124,6105,5344,13311,4768,3150,670,1291,8632
1407,2024,38,2672,1193,7592,5335,13616,5067,3013,683,1219,8151
1408,2024,39,2423,1164,7197,5044,13346,4845,2613,671,1188,8381
1409,2024,40,2602,1504,7384,5330,13803,5464,3007,793,1252,9071
1410,2024,41,2676,1686,8028,5877,13203,6164,3038,894,1377,9200
1411,2024,42,3038,1788,7943,6452,13607,6601,3010,839,1230,9344
1412,2024,43,3323,2194,8723,7110,15759,7176,3244,885,1440,10256
1413,2024,44,3168,2444,7973,6808,17031,7172,3394,867,1440,11073
1414,2024,45,3165,2895,8268,6830,19091,7081,3747,898,1606,12813
1415,2024,46,3098,2500,8344,6998,20108,7393,4455,949,1713,14061
1416,2024,47,3279,2999,9235,7820,20735,8195,4946,1014,1976,15799
1417,2024,48,3262,3181,9010,6990,20715,7622,4780,1015,1743,15743
1418,2024,49,3775,4243,10892,7980,22359,9080,5574,1340,2272,20055
1419,2024,50,4244,6213,12936,8592,25799,10239,6852,1513,2578,21729
1420,2024,51,5207,10576,15612,9731,34273,12634,9836,2109,3795,26775
1421,2024,52,6811,12334,17404,11889,45583,18460,12696,3123,5076,30146
